"n_row","theta","theta_se","journal_name","year","journal_issue"
"1",2.31181264429426,0.227979524816522,"Laboratorium",2010,"Том 2 № 1 (2010)"
"2",1.36300856279937,0.290936240652426,"Laboratorium",2010,"Том 2 № 2 (2010)"
"3",1.26949794915732,0.145905449301125,"Laboratorium",2010,"Том 2 № 3 (2010)"
"4",2.24825429569355,0.160088542112606,"Laboratorium",2011,"Том 3 № 1 (2011)"
"5",1.75363403723736,0.196174206376313,"Laboratorium",2011,"Том 3 № 2 (2011)"
"6",2.32392047560745,0.161448278455675,"Laboratorium",2011,"Том 3 № 3 (2011)"
"7",2.21742996244792,0.140124833121946,"Laboratorium",2012,"Том 4 № 1 (2012)"
"8",2.11817400387939,0.134014928270521,"Laboratorium",2012,"Том 4 № 2 (2012)"
"9",1.76801511932345,0.186364340901665,"Laboratorium",2012,"Том 4 № 3 (2012)"
"10",2.35051550240245,0.164901008538902,"Laboratorium",2013,"Том 5 № 1 (2013)"
"11",3.44742527292542,0.131032416864593,"Laboratorium",2013,"Том 5 № 2 (2013)"
"12",2.01480535398288,0.160600166307684,"Laboratorium",2013,"Том 5 № 3 (2013)"
"13",2.03034701509175,0.186768296976293,"Laboratorium",2014,"Том 6 № 1 (2014)"
"14",1.58997331869029,0.17650441666058,"Laboratorium",2014,"Том 6 № 2 (2014)"
"15",2.03116746975807,0.210920362008182,"Laboratorium",2014,"Том 6 № 3 (2014)"
"16",2.67341406924896,0.15053150274687,"Laboratorium",2015,"Том 7 № 1 (2015)"
"17",2.20896176876077,0.152004794535404,"Laboratorium",2015,"Том 7 № 2 (2015)"
"18",2.27909951060985,0.138939455004553,"Laboratorium",2015,"Том 7 № 3 (2015)"
"19",2.69486124762652,0.135676113771982,"Laboratorium",2016,"Том 8 № 1 (2016)"
"20",2.32997844872244,0.152118020400035,"Laboratorium",2016,"Том 8 № 2 (2016)"
"21",1.15966489200134,0.186606309416989,"Laboratorium",2016,"Том 8 № 3 (2016)"
"22",1.87575265109222,0.211052319553116,"Laboratorium",2017,"Том 9 № 1 (2017)"
"23",2.23202330160956,0.159470822949293,"Laboratorium",2017,"Том 9 № 2 (2017)"
"24",1.00616881711441,0.135369604695169,"Laboratorium",2017,"Том 9 № 3 (2017)"
"25",2.45191020403748,0.148709543948036,"Laboratorium",2018,"Том 10 № 1 (2018)"
"26",2.63375035207934,0.0985217552564094,"Laboratorium",2018,"Том 10 № 2 (2018)"
"27",2.31373743407471,0.14313469105542,"Laboratorium",2018,"Том 10 № 3 (2018)"
"28",2.07355201535643,0.117379512319066,"Laboratorium",2019,"Том 11 № 1 (2019)"
"29",2.29090450911662,0.120084789402603,"Laboratorium",2019,"Том 11 № 2 (2019)"
"30",2.37764264768252,0.157912578549717,"Laboratorium",2019,"Том 11 № 3 (2019)"
"31",1.44688459067667,0.128033879442414,"Laboratorium",2020,"Том 12 № 1 (2020)"
"32",1.70276976940227,0.101306056666467,"Laboratorium",2020,"Том 12 № 2 (2020)"
"33",1.88877612860188,0.108487201288778,"Laboratorium",2020,"Том 12 № 3 (2020)"
"34",2.65303006483083,0.124171999774687,"Laboratorium",2021,"Том 13 № 1 (2021)"
"35",2.25074402546354,0.0987809535701505,"Laboratorium",2021,"Том 13 № 2 (2021)"
"36",2.65378750294905,0.110128315660906,"Laboratorium",2021,"Том 13 № 3 (2021)"
"37",2.0493043264578,0.135516213454864,"Laboratorium",2022,"Том 14 № 1 (2022)"
"38",2.1614566791718,0.138295457182489,"Laboratorium",2022,"Том 14 № 2 (2022)"
"39",1.78508088063712,0.142515218711787,"Laboratorium",2022,"Том 14 № 3 (2022)"
"40",2.65002877460092,0.129238986597879,"Laboratorium",2023,"Том 15 № 1 (2023)"
"41",2.24995765087961,0.180261515235914,"Laboratorium",2023,"Том 15 № 2 (2023)"
"42",1.87370337430358,0.147215182727193,"Laboratorium",2023,"Том 15 № 3 (2023): Сборный номер"
"43",0.497726470774209,0.216199300965645,"Вестник РУДН",2010,"№ 1"
"44",-0.329209624190085,0.197876747601877,"Вестник РУДН",2010,"№ 2"
"45",-0.227120257379629,0.214159253334147,"Вестник РУДН",2010,"№ 3"
"46",-0.839216984051327,0.177579780456401,"Вестник РУДН",2010,"№ 4"
"47",0.132678444359927,0.211080912738494,"Вестник РУДН",2011,"№ 1"
"48",0.709462746280267,0.199281029508224,"Вестник РУДН",2011,"№ 2"
"49",-0.18253198778099,0.203287928450752,"Вестник РУДН",2011,"№ 3"
"50",-0.0306576788998873,0.16885751220895,"Вестник РУДН",2011,"№ 4"
"51",-0.721766883927444,0.181955562858626,"Вестник РУДН",2012,"№ 1"
"52",0.18350829963757,0.181682621814482,"Вестник РУДН",2012,"№ 2"
"53",-0.475515085186847,0.194283781464445,"Вестник РУДН",2012,"№ 3"
"54",-0.40575467079603,0.16779079637963,"Вестник РУДН",2012,"№ 4"
"55",0.0397726927164512,0.154773824349288,"Вестник РУДН",2013,"№ 1"
"56",-0.842327054999983,0.158482756897223,"Вестник РУДН",2013,"№ 2"
"57",-0.217508377602744,0.155030515279219,"Вестник РУДН",2013,"№ 3"
"58",-0.635023087831709,0.150385282556714,"Вестник РУДН",2013,"№ 4"
"59",-0.233674082819254,0.165154983776013,"Вестник РУДН",2014,"№ 1"
"60",-0.345553263557033,0.137771955652345,"Вестник РУДН",2014,"№ 2"
"61",0.181041186987355,0.141404896976259,"Вестник РУДН",2014,"№ 3"
"62",-0.00705631532938666,0.103212139547348,"Вестник РУДН",2014,"№ 4"
"63",0.082327398007925,0.114874125198582,"Вестник РУДН",2015,"Том 15, № 3"
"64",0.00125886737594334,0.106608762781048,"Вестник РУДН",2015,"Том 15, № 4"
"65",-0.193267756916006,0.105633211369782,"Вестник РУДН",2015,"№ 1"
"66",-0.0725370767236947,0.116483289235275,"Вестник РУДН",2015,"№ 2"
"67",-0.301138905950889,0.0985094061518499,"Вестник РУДН",2016,"Том 16, № 1"
"68",-0.733114001955796,0.0835132009925107,"Вестник РУДН",2016,"Том 16, № 2"
"69",-0.0875624852050454,0.0904101647365312,"Вестник РУДН",2016,"Том 16, № 3"
"70",-0.0915315312072536,0.0981422969193189,"Вестник РУДН",2016,"Том 16, № 4"
"71",0.659397070522644,0.105466300293763,"Вестник РУДН",2017,"Том 17, № 1"
"72",0.596832494726073,0.120684984138096,"Вестник РУДН",2017,"Том 17, № 2"
"73",0.272485225257902,0.10690914567746,"Вестник РУДН",2017,"Том 17, № 3"
"74",0.225449284481909,0.101329380293373,"Вестник РУДН",2017,"Том 17, № 4"
"75",0.0880483447141987,0.0967127824365933,"Вестник РУДН",2018,"Том 18, № 1"
"76",0.280303097450164,0.106887873939333,"Вестник РУДН",2018,"Том 18, № 2"
"77",0.0843921824598205,0.0941193165191761,"Вестник РУДН",2018,"Том 18, № 3"
"78",-0.255914879506698,0.087526302007965,"Вестник РУДН",2018,"Том 18, № 4"
"79",-0.0115461894136587,0.0964554075483117,"Вестник РУДН",2019,"Том 19, № 1"
"80",-0.062452086990668,0.0907341439626033,"Вестник РУДН",2019,"Том 19, № 2"
"81",-0.716743356320247,0.0831194168465025,"Вестник РУДН",2019,"Том 19, № 3"
"82",-0.396133845268347,0.0827614664631251,"Вестник РУДН",2019,"Том 19, № 4"
"83",-0.541422798543454,0.0957672599741974,"Вестник РУДН",2020,"Том 20, № 1"
"84",0.151820574452586,0.0873209225134968,"Вестник РУДН",2020,"Том 20, № 2"
"85",-0.798720818204935,0.077051104001078,"Вестник РУДН",2020,"Том 20, № 3"
"86",-0.453763065549464,0.078380047196146,"Вестник РУДН",2020,"Том 20, № 4"
"87",-0.422566269525142,0.0891313120970171,"Вестник РУДН",2021,"Том 21, № 1"
"88",-0.609932434965993,0.0824546992238637,"Вестник РУДН",2021,"Том 21, № 2"
"89",-0.179196730416939,0.0867476641203814,"Вестник РУДН",2021,"Том 21, № 3"
"90",-0.0659847708945026,0.087083168048712,"Вестник РУДН",2021,"Том 21, № 4"
"91",0.124154375316807,0.0922067352833742,"Вестник РУДН",2022,"Том 22, № 1"
"92",-0.53269962306494,0.0907901646451149,"Вестник РУДН",2022,"Том 22, № 2"
"93",-0.436273176083493,0.0795276211520405,"Вестник РУДН",2022,"Том 22, № 3"
"94",-0.143930758923406,0.0790364902063758,"Вестник РУДН",2022,"Том 22, № 4"
"95",0.13598825195763,0.101903962971574,"Вестник РУДН",2023,"Том 23, № 1"
"96",-0.0353986382034218,0.107813429842285,"Вестник РУДН",2023,"Том 23, № 2"
"97",0.264496177214149,0.0892357752956962,"Вестник РУДН",2023,"Том 23, № 3"
"98",-0.448666121621993,0.0775027815378561,"Вестник РУДН",2023,"Том 23, № 4"
"99",-0.846530004159222,0.0881188835680967,"Вестник СПбГУ. Социология",2010,"номер 1"
"100",-0.885525146910105,0.0927213724563525,"Вестник СПбГУ. Социология",2010,"номер 2"
"101",-0.877608450418598,0.0882531606163286,"Вестник СПбГУ. Социология",2010,"номер 3"
"102",-1.3733724065427,0.0866854315102284,"Вестник СПбГУ. Социология",2010,"номер 4"
"103",-0.675217439535155,0.0902533129661556,"Вестник СПбГУ. Социология",2011,"номер 1"
"104",-0.945653194863692,0.0846938206525447,"Вестник СПбГУ. Социология",2011,"номер 2"
"105",-1.03655075839524,0.0868315239525582,"Вестник СПбГУ. Социология",2011,"номер 3"
"106",-1.5459443559108,0.0713914227478423,"Вестник СПбГУ. Социология",2011,"номер 4"
"107",-0.251775006423894,0.117056774208269,"Вестник СПбГУ. Социология",2012,"номер 1"
"108",-0.886541798666565,0.0843171322580607,"Вестник СПбГУ. Социология",2012,"номер 2"
"109",-0.925768915648599,0.0869822420590426,"Вестник СПбГУ. Социология",2012,"номер 3"
"110",-0.565236258844989,0.114419643674614,"Вестник СПбГУ. Социология",2012,"номер 4"
"111",-0.156430346989246,0.125330451154442,"Вестник СПбГУ. Социология",2013,"номер 1"
"112",-1.35918242697115,0.0900083317657917,"Вестник СПбГУ. Социология",2013,"номер 2"
"113",-0.855765382627192,0.0932354039824137,"Вестник СПбГУ. Социология",2013,"номер 3"
"114",-0.911563481200559,0.0831994492396964,"Вестник СПбГУ. Социология",2013,"номер 4"
"115",-0.869754320469008,0.100662166550902,"Вестник СПбГУ. Социология",2014,"номер 1"
"116",-0.689395861261177,0.0971815484005032,"Вестник СПбГУ. Социология",2014,"номер 2"
"117",-0.731706072586648,0.0910918312416809,"Вестник СПбГУ. Социология",2014,"номер 3"
"118",-0.808459812899606,0.0895153471498819,"Вестник СПбГУ. Социология",2014,"номер 4"
"119",-0.338572469217049,0.118222834269722,"Вестник СПбГУ. Социология",2015,"номер 1"
"120",-0.497281629882039,0.132680340324605,"Вестник СПбГУ. Социология",2015,"№ 2 (2015)"
"121",-0.651061340669871,0.126881717544864,"Вестник СПбГУ. Социология",2015,"№ 3 (2015)"
"122",-0.888612133103565,0.12893390396949,"Вестник СПбГУ. Социология",2015,"№ 4 (2015)"
"123",-0.24103565289733,0.138222722636905,"Вестник СПбГУ. Социология",2016,"№ 1 (2016)"
"124",-0.27982431145915,0.123971586968055,"Вестник СПбГУ. Социология",2016,"№ 2 (2016)"
"125",0.16153036935082,0.143532561088984,"Вестник СПбГУ. Социология",2016,"№ 3 (2016)"
"126",0.0689038194794629,0.152853263558721,"Вестник СПбГУ. Социология",2016,"№ 4 (2016)"
"127",-0.623415140875108,0.127083392969457,"Вестник СПбГУ. Социология",2017,"Том 10 № 1 (2017)"
"128",-0.510174494730431,0.154362937961737,"Вестник СПбГУ. Социология",2017,"Том 10 № 2 (2017)"
"129",1.4039976294087,0.162143998962268,"Вестник СПбГУ. Социология",2017,"Том 10 № 3 (2017)"
"130",0.546652894929356,0.166905335869337,"Вестник СПбГУ. Социология",2017,"Том 10 № 4 (2017)"
"131",1.12087882550929,0.132562124755442,"Вестник СПбГУ. Социология",2018,"Том 11 № 1 (2018)"
"132",0.151578612005599,0.152303283940529,"Вестник СПбГУ. Социология",2018,"Том 11 № 2 (2018)"
"133",-0.767505588875604,0.126795594845967,"Вестник СПбГУ. Социология",2018,"Том 11 № 3 (2018)"
"134",-0.683229631474717,0.131273750379992,"Вестник СПбГУ. Социология",2018,"Том 11 № 4 (2018)"
"135",-0.465467113779913,0.136450238938687,"Вестник СПбГУ. Социология",2019,"Том 12 № 1 (2019)"
"136",0.0960410851559225,0.143596855023949,"Вестник СПбГУ. Социология",2019,"Том 12 № 2 (2019)"
"137",-0.136823691165604,0.146976170299691,"Вестник СПбГУ. Социология",2019,"Том 12 № 3 (2019)"
"138",-0.471075671424089,0.131976567210336,"Вестник СПбГУ. Социология",2019,"Том 12 № 4 (2019)"
"139",-0.913693515831679,0.113652979306283,"Вестник СПбГУ. Социология",2020,"Том 13 № 1 (2020)"
"140",-0.438280306161341,0.109204651304629,"Вестник СПбГУ. Социология",2020,"Том 13 № 2 (2020)"
"141",0.405161660863393,0.143652220164281,"Вестник СПбГУ. Социология",2020,"Том 13 № 3 (2020)"
"142",-0.561772020310522,0.115420050756238,"Вестник СПбГУ. Социология",2020,"Том 13 № 4 (2020)"
"143",-0.749004759842548,0.150187711427031,"Вестник СПбГУ. Социология",2021,"Том 14 № 1 (2021)"
"144",0.323646938067718,0.150842913584749,"Вестник СПбГУ. Социология",2021,"Том 14 № 2 (2021)"
"145",-0.541699537438585,0.134897272110418,"Вестник СПбГУ. Социология",2021,"Том 14 № 3 (2021)"
"146",0.33160288723027,0.161764270467787,"Вестник СПбГУ. Социология",2021,"Том 14 № 4 (2021)"
"147",-0.459458767242974,0.135088388778707,"Вестник СПбГУ. Социология",2022,"Том 15 № 1 (2022)"
"148",-0.725785561758744,0.137655324817353,"Вестник СПбГУ. Социология",2022,"Том 15 № 2 (2022)"
"149",0.932909166040749,0.142126354313391,"Вестник СПбГУ. Социология",2022,"Том 15 № 3 (2022)"
"150",-0.316054310522282,0.124718622877645,"Вестник СПбГУ. Социология",2022,"Том 15 № 4 (2022)"
"151",0.279103859533986,0.149449830626741,"Вестник СПбГУ. Социология",2023,"Том 16 № 1 (2023)"
"152",0.044305284153586,0.138789710997595,"Вестник СПбГУ. Социология",2023,"Том 16 № 2 (2023)"
"153",0.0634463057298262,0.135209098014726,"Вестник СПбГУ. Социология",2023,"Том 16 № 3 (2023)"
"154",-0.291195893687952,0.0659534888818488,"Вестник института социологии",2010,"2010. Выпуск 1 (Том 1. № 1) (27.12.2010)
Тема номера: Социальная политика российского государства"
"155",-0.695950896089149,0.0858316952062244,"Вестник института социологии",2011,"2011. Выпуск 2 (Том 2. № 1) (28.04.2011)
Тема номера: Образование и молодёжь в России"
"156",-0.250249426222279,0.0828872601514273,"Вестник института социологии",2011,"2011. Выпуск 3 (Том 2. № 2) (17.01.2012)
Тема номера: Человеческий потенциал российской модернизации"
"157",0.167134546704326,0.0977650129230005,"Вестник института социологии",2012,"2012. Выпуск 4 (Том 3. № 1) (30.05.2012)
Тема номера: Религия в современном мире: ракурсы проблемы "
"158",1.09354671150983,0.0894166328099664,"Вестник института социологии",2012,"2012. Выпуск 5 (Том 3. № 2) (29.12.2012)
Тема номера: Профессионал как субъект социального действия"
"159",-0.855505509269343,0.0794091582590674,"Вестник института социологии",2013,"2013. Выпуск 6 (Том 4. № 1) (30.05.2013)
Тема номера: Здоровье населения"
"160",0.213743293746305,0.112454543249723,"Вестник института социологии",2013,"2013. Выпуск 7 (Том 4. № 2) (20.12.2013)
Тема номера: Города России: визуальные наблюдения социолога"
"161",-0.664740023839921,0.112061637108715,"Вестник института социологии",2014,"2014. Выпуск 10 (Том 5. № 3) (30.09.2014)
Тема номера: Проблемы современной молодёжи"
"162",0.633923002696902,0.114670429562089,"Вестник института социологии",2014,"2014. Выпуск 11 (Том 5. № 4) (28.12.2014)
Тема номера: Современное российское приграничье "
"163",-1.39010679389107,0.113838056731708,"Вестник института социологии",2014,"2014. Выпуск 8 (Том 5. № 1) (31.03.2014)
Тема номера: Социальные процессы в регионах России"
"164",0.527706547562061,0.142864994019489,"Вестник института социологии",2014,"2014. Выпуск 9 (Том 5. № 2) (01.07.2014)
Тема номера: Научные направления и научные сообщества в современной российской социологии"
"165",0.226028703381469,0.141488876123718,"Вестник института социологии",2015,"2015. Выпуск 12 (Том 6. № 1) (29.03.2015)
Тема номера: Общественное сознание в политическом измерении"
"166",0.395111658735496,0.116763909104442,"Вестник института социологии",2015,"2015. Выпуск 13 (Том 6. № 2) (29.06.2015)
Тема номера: Развитие городов и социальные технологии"
"167",0.545163307141661,0.123315905747562,"Вестник института социологии",2015,"2015. Выпуск 14 (Том 6. № 3) (29.09.2015)
Тема номера: Социология еды"
"168",-0.849430696140809,0.109005424525049,"Вестник института социологии",2015,"2015. Выпуск 15 (Том 6. № 4) (30.12.2015)
Тема номера: Крым - новый субъект Российской Федерации: социальные аспекты"
"169",-0.79849303402317,0.119220798247098,"Вестник института социологии",2016,"2016. Выпуск 16 (Том 7. № 1) (29.03.2016)
Тема номера: Социальные процесссы в регионах России"
"170",-1.00003099772363,0.109412977226707,"Вестник института социологии",2016,"2016. Выпуск 17 (Том 7. № 2) (30.06.2016)
Тема номера: Консолидация общества"
"171",-0.815681529997259,0.0944679091161282,"Вестник института социологии",2016,"2016. Выпуск 18 (Том 7. № 3) (24.09.2016)
Тема номера: Состояние социальных слоёв и групп в регионах современной России"
"172",-1.83892049975791,0.0858832731881003,"Вестник института социологии",2016,"2016. Выпуск 19 (Том 7. № 4) (21.12.2016)
Тема номера: Социология образования: современные реалии"
"173",-0.583765584507303,0.121242029309804,"Вестник института социологии",2017,"2017. Выпуск 20 (Том 8. № 1) (23.03.2017)
Тема номера: Социология образования: состояние конкретных социальных групп"
"174",-1.36399068073611,0.108698196219192,"Вестник института социологии",2017,"2017. Выпуск 21 (Том 8. № 2) (27.06.2017)
Тема номера: Современные глобальные изменения в мире и Росcии"
"175",-0.935013421133089,0.133119650099855,"Вестник института социологии",2017,"2017. Выпуск 22 (Том 8. № 3) (29.09.2017)
Тема номера: Основания идентичности"
"176",-0.976882961620109,0.111291130568281,"Вестник института социологии",2017,"2017. Выпуск 23 (Том 8. № 4) (26.12.2017)
Тема номера: К методологии научных исследований"
"177",-0.443036865484054,0.112922469607464,"Вестник института социологии",2018,"2018. Выпуск 24 (Том 9. № 1) (29.03.2018)
Тема номера: Развитие как теоретический концепт"
"178",-1.2074287741764,0.104622185295014,"Вестник института социологии",2018,"2018. Выпуск 25 (Том 9. № 2) (11.07.2018)
Тема номера: Социология управления:
проблемы реформирования"
"179",-0.966322679998867,0.100512973816913,"Вестник института социологии",2018,"2018. Выпуск 26 (Том 9. № 3) (28.09.2018)
Тема номера: Политические процессы: социальные протесты и протестные настроения"
"180",-0.880172665148317,0.0981278848133511,"Вестник института социологии",2018,"2018. Выпуск 27 (Том 9. № 4) (17.12.2018)
Тема номера: Немонетарные неравенства в жизни россиян"
"181",-0.9397260809754,0.119197438459859,"Вестник института социологии",2019,"2019. Том 10. № 1 (27.03.2019)
Тема номера: Российские реалии: современные вызовы"
"182",-0.66828396705989,0.103349277022278,"Вестник института социологии",2019,"2019. Том 10. № 2 (29.06.2019)
Тема номера: Социология молодёжи: установки в современной реальности"
"183",-0.440164706782343,0.0945174697276058,"Вестник института социологии",2019,"2019. Том 10. № 3 (30.09.2019)
Тема номера: Сетевизация общества: социально-политический ракурс"
"184",-0.968235571374755,0.0768943795842577,"Вестник института социологии",2019,"2019. Том 10. № 4 (12.12.2019)
Тема номера: Этничность в поликультурном мире"
"185",-0.901774394785687,0.0903646073302181,"Вестник института социологии",2020,"2020. Том 11. № 1 (29.03.2020)
Тема номера: Волонтёры в экстремальных ситуациях: исследовательское поле"
"186",-1.05913809773751,0.0885039159851446,"Вестник института социологии",2020,"2020. Том 11. № 2 (29.06.2020)
Тема номера: Социальные детерминанты российского общества: вчера и сегодня"
"187",-1.10122573334345,0.0879635939691174,"Вестник института социологии",2020,"2020. Том 11. № 3 (29.09.2020)
Тема номера: Социология молодежи: образование и образ будущего"
"188",-1.01643154633139,0.0938272257707467,"Вестник института социологии",2020,"2020. Том 11. № 4 (28.12.2020)
Тема номера: Детерминанты и трансформации российского общества во времени и в пространстве"
"189",-0.57699826282423,0.104308686696212,"Вестник института социологии",2021,"2021. Том 12. № 1 (01.04.2021)
Тема номера: Социальная активность и трансформации идентичностей: процессы в России и Евросоюзе"
"190",-0.839153577595223,0.089029505785144,"Вестник института социологии",2021,"2021. Том 12. № 2 (30.06.2021)
Тема номера: Социология исторической памяти (к 80-летию начала Великой Отечественной войны)"
"191",-1.45808605996859,0.0850240368536486,"Вестник института социологии",2021,"2021. Том 12. № 3 (30.09.2021)
Тема номера: Человек и общество в глобальном постмодерне: социокультурные метаморфозы"
"192",-0.673668961991713,0.0907171520457645,"Вестник института социологии",2021,"2021. Том 12. № 4 (27.12.2021)
Тема номера: Риски межэтнических конфликтов в контексте современных социальных трансформаций"
"193",-0.544266883650708,0.0983017229924509,"Вестник института социологии",2022,"2022. Том 13. № 1 (31.03.2022)
Тема номера: Современная белорусская социология"
"194",-0.446279269187956,0.0937990469007734,"Вестник института социологии",2022,"2022. Том 13. № 2 (28.06.2022)
Тема номера: Гражданская активность в России: институты и мотивации"
"195",-1.16369172341789,0.0855447832637098,"Вестник института социологии",2022,"2022. Том 13. № 3 (30.09.2022)
Тема номера: Миграция и идентичность"
"196",-1.01192091364785,0.0834147958116154,"Вестник института социологии",2022,"2022. Том 13. № 4 (30.12.2022)
Тема номера: Проблемы социально-экономического развития Республики Тыва"
"197",-0.567737962056461,0.0955635540821689,"Вестник института социологии",2023,"2023. Том 14. № 1 (31.03.2023)
Тема номера: Трансформации российского общества в социологической ретроспективе"
"198",-1.09233768678415,0.0850352112170077,"Вестник института социологии",2023,"2023. Том 14. № 2 (30.06.2023)
Тема номера: Процессы формализации (бюрократизации) в российском образовании"
"199",-1.33772578330636,0.0814932037252634,"Вестник института социологии",2023,"2023. Том 14. № 3 (30.09.2023)
Тема номера: Феномен казачества в современной России"
"200",-0.525106437906943,0.0726413787492498,"Вестник института социологии",2023,"2023. Том 14. № 4 (25.12.2023)
Тема номера: В поисках справедливости: идея безусловного базового дохода "
"201",0.621897523291898,0.280330644132283,"Журнал исследований социальной политики",2010,"2010-03-03"
"202",1.2710311381089,0.285822887604735,"Журнал исследований социальной политики",2010,"2010-03-04"
"203",-0.286863323296885,0.197341364768084,"Журнал исследований социальной политики",2010,"2010-03-05"
"204",0.351810473470305,0.221421052837638,"Журнал исследований социальной политики",2010,"2010-03-06"
"205",1.654676923769,0.227094579759822,"Журнал исследований социальной политики",2011,"2011-03-07"
"206",0.0814932691533509,0.214085419422755,"Журнал исследований социальной политики",2011,"2011-03-08"
"207",0.213641918261712,0.196027703662383,"Журнал исследований социальной политики",2011,"2011-03-09"
"208",-1.06570376657898,0.195732746291562,"Журнал исследований социальной политики",2011,"2011-03-10"
"209",0.673322481580309,0.188710992749248,"Журнал исследований социальной политики",2012,"2012-03-11"
"210",1.28040544087939,0.216650953634791,"Журнал исследований социальной политики",2012,"2012-03-12"
"211",-0.166347988462411,0.184270852102339,"Журнал исследований социальной политики",2012,"2012-03-13"
"212",0.193693058358828,0.200306331065893,"Журнал исследований социальной политики",2012,"2012-03-14"
"213",-0.336494538178865,0.193963752573139,"Журнал исследований социальной политики",2013,"2013-03-15"
"214",0.240712256237282,0.176275538826515,"Журнал исследований социальной политики",2013,"2013-03-16"
"215",-0.539284605929928,0.177698749925079,"Журнал исследований социальной политики",2013,"2013-03-17"
"216",-0.326707971080546,0.16119863090514,"Журнал исследований социальной политики",2013,"2013-03-18"
"217",0.0594841823035148,0.178115043830682,"Журнал исследований социальной политики",2014,"2014-03-19"
"218",1.18013567830628,0.160335291133934,"Журнал исследований социальной политики",2014,"2014-03-20"
"219",1.02448856388535,0.151036444571583,"Журнал исследований социальной политики",2014,"2014-03-21"
"220",0.14520544314742,0.149451324542848,"Журнал исследований социальной политики",2014,"2014-03-22"
"221",0.876759001911692,0.174520254164303,"Журнал исследований социальной политики",2015,"2015-03-23"
"222",-0.602024212209502,0.128276250086881,"Журнал исследований социальной политики",2015,"2015-03-24"
"223",2.864306550667,0.162132278251842,"Журнал исследований социальной политики",2015,"2015-03-25"
"224",-0.0775555764162238,0.137637478656819,"Журнал исследований социальной политики",2015,"2015-03-26"
"225",1.18958798604311,0.122323406495455,"Журнал исследований социальной политики",2016,"2016-03-27"
"226",0.191843921330955,0.112190442843281,"Журнал исследований социальной политики",2016,"2016-03-28"
"227",0.926541647206553,0.128525470883255,"Журнал исследований социальной политики",2016,"2016-03-29"
"228",-0.367304751408693,0.102932395158008,"Журнал исследований социальной политики",2016,"2016-03-30"
"229",-0.327945763816659,0.0999965848324125,"Журнал исследований социальной политики",2017,"2017-04-02"
"230",-0.436018486739823,0.1055601947114,"Журнал исследований социальной политики",2017,"2017-06-29"
"231",-0.383071123094836,0.106386255602044,"Журнал исследований социальной политики",2017,"2017-09-25"
"232",0.103732595625562,0.0994044722297614,"Журнал исследований социальной политики",2017,"2017-12-24"
"233",-0.771198400536795,0.0927623537728271,"Журнал исследований социальной политики",2018,"2018-03-28"
"234",0.940938492403958,0.101040420980392,"Журнал исследований социальной политики",2018,"2018-07-03"
"235",1.43954213858361,0.118151971194184,"Журнал исследований социальной политики",2018,"2018-09-30"
"236",0.0334131665110193,0.108435834347371,"Журнал исследований социальной политики",2018,"2018-12-24"
"237",-1.36656959963007,0.095485789956915,"Журнал исследований социальной политики",2019,"2019-11-11"
"238",-0.0375948244511081,0.107341874220442,"Журнал исследований социальной политики",2019,"2019-11-13"
"239",0.756908522102021,0.11144954294558,"Журнал исследований социальной политики",2019,"2019-11-16"
"240",-0.850067122102002,0.0913804972176463,"Журнал исследований социальной политики",2019,"2019-12-24"
"241",0.324185844720444,0.112743956051329,"Журнал исследований социальной политики",2020,"2020-03-30"
"242",-0.875423766731894,0.0847852895588824,"Журнал исследований социальной политики",2020,"2020-06-28"
"243",-0.328462033162239,0.0955453163073706,"Журнал исследований социальной политики",2020,"2020-09-30"
"244",1.09156230112463,0.0976298536141054,"Журнал исследований социальной политики",2020,"2020-12-30"
"245",-0.382490542198575,0.0905206821396863,"Журнал исследований социальной политики",2021,"2021-04-01"
"246",1.6386486917085,0.10593293731437,"Журнал исследований социальной политики",2021,"2021-07-10"
"247",-0.232286553545719,0.0944404052159938,"Журнал исследований социальной политики",2021,"2021-10-03"
"248",0.405662589055538,0.10139276329393,"Журнал исследований социальной политики",2021,"2021-12-30"
"249",-0.666018751184114,0.0886369488757524,"Журнал исследований социальной политики",2022,"2022-04-24"
"250",0.469015803274008,0.100089976169704,"Журнал исследований социальной политики",2022,"2022-08-04"
"251",-0.508435683681708,0.0940243890176107,"Журнал исследований социальной политики",2022,"2022-12-21"
"252",-0.452746506952863,0.0975715377052392,"Журнал исследований социальной политики",2022,"2022-12-30"
"253",-0.570262413225197,0.101616342866465,"Журнал исследований социальной политики",2023,"Том 21 № 1 (2023)"
"254",-0.0216290421175418,0.0957637672184539,"Журнал исследований социальной политики",2023,"Том 21 № 2 (2023)"
"255",-0.929459970597679,0.0919241819778702,"Журнал исследований социальной политики",2023,"Том 21 № 3 (2023)"
"256",-0.976238666285095,0.0909618521955014,"Журнал исследований социальной политики",2023,"Том 21 № 4 (2023)"
"257",-0.264631879361893,0.169902943739107,"Журнал социологии и социальной антропологии",2010,"Том 13 № 1 (2010)"
"258",0.504634847473303,0.179579550829803,"Журнал социологии и социальной антропологии",2010,"Том 13 № 2 (2010)"
"259",1.20688599921677,0.240136202489143,"Журнал социологии и социальной антропологии",2010,"Том 13 № 3 (2010)"
"260",0.944180122542989,0.209040417124034,"Журнал социологии и социальной антропологии",2010,"Том 13 № 4 (2010)"
"261",0.770384155177501,0.17008054763087,"Журнал социологии и социальной антропологии",2010,"Том 13 № 5 (2010)"
"262",1.19639951527112,0.199100287107241,"Журнал социологии и социальной антропологии",2011,"Том 14 № 1 (2011)"
"263",0.515223057432985,0.185550830603622,"Журнал социологии и социальной антропологии",2011,"Том 14 № 2 (2011)"
"264",-0.299077338676013,0.177814223013022,"Журнал социологии и социальной антропологии",2011,"Том 14 № 3 (2011)"
"265",0.0690806161568211,0.156626504428951,"Журнал социологии и социальной антропологии",2011,"Том 14 № 4 (2011)"
"266",1.35002466681798,0.0935453296783274,"Журнал социологии и социальной антропологии",2011,"Том 14 № 5 (2011)"
"267",-0.465156476632482,0.161683925227151,"Журнал социологии и социальной антропологии",2012,"Том 15 № 1 (2012)"
"268",1.21507796686692,0.185728053072311,"Журнал социологии и социальной антропологии",2012,"Том 15 № 2 (2012)"
"269",0.660025786587581,0.167613198874788,"Журнал социологии и социальной антропологии",2012,"Том 15 № 3 (2012)"
"270",0.577056814646517,0.205316994918856,"Журнал социологии и социальной антропологии",2012,"Том 15 № 4 (2012)"
"271",0.425315853827096,0.0981214264322803,"Журнал социологии и социальной антропологии",2012,"Том 15 № 5 (2012)"
"272",0.171269758763209,0.178675653604775,"Журнал социологии и социальной антропологии",2013,"Том 16 № 1 (2013)"
"273",0.479084036041379,0.182678320756398,"Журнал социологии и социальной антропологии",2013,"Том 16 № 2 (2013)"
"274",1.66031828028065,0.171231832836267,"Журнал социологии и социальной антропологии",2013,"Том 16 № 3 (2013)"
"275",0.708244351382471,0.161285705877278,"Журнал социологии и социальной антропологии",2013,"Том 16 № 4 (2013)"
"276",1.1437411147933,0.107094141582694,"Журнал социологии и социальной антропологии",2013,"Том 16 № 5 (2013)"
"277",0.404804333309106,0.151470718037353,"Журнал социологии и социальной антропологии",2014,"Том 17 № 1 (2014)"
"278",1.31407969920428,0.17841272643807,"Журнал социологии и социальной антропологии",2014,"Том 17 № 2 (2014)"
"279",0.79389799638226,0.14902355256233,"Журнал социологии и социальной антропологии",2014,"Том 17 № 3 (2014)"
"280",1.28689234350693,0.118590567466736,"Журнал социологии и социальной антропологии",2014,"Том 17 № 4 (2014)"
"281",1.68405023624659,0.112151377108356,"Журнал социологии и социальной антропологии",2014,"Том 17 № 5 (2014)"
"282",0.0354557635962981,0.105051673652342,"Журнал социологии и социальной антропологии",2015,"Том 18 № 1 (2015)"
"283",0.488325706315083,0.101891913869222,"Журнал социологии и социальной антропологии",2015,"Том 18 № 2 (2015)"
"284",0.880457423915075,0.108980984188623,"Журнал социологии и социальной антропологии",2015,"Том 18 № 3 (2015)"
"285",0.437519891101645,0.107918695330661,"Журнал социологии и социальной антропологии",2015,"Том 18 № 4 (2015)"
"286",-0.577699675868774,0.0964899759704111,"Журнал социологии и социальной антропологии",2015,"Том 18 № 5 (2015)"
"287",-0.200337286236556,0.108475290083419,"Журнал социологии и социальной антропологии",2016,"Том 19 № 1 (2016)"
"288",-0.522164394967429,0.104695113563734,"Журнал социологии и социальной антропологии",2016,"Том 19 № 2 (2016)"
"289",0.858866528196618,0.125370134254281,"Журнал социологии и социальной антропологии",2016,"Том 19 № 3 (2016)"
"290",-0.247730553481149,0.108715970187498,"Журнал социологии и социальной антропологии",2016,"Том 19 № 4 (2016)"
"291",-1.32608123891126,0.108503041360846,"Журнал социологии и социальной антропологии",2016,"Том 19 № 5 (2016)"
"292",1.25058521909061,0.142356283878328,"Журнал социологии и социальной антропологии",2017,"Том 20 № 1 (2017)"
"293",-0.989374439699202,0.143780850191419,"Журнал социологии и социальной антропологии",2017,"Том 20 № 2 (2017)"
"294",0.980595676861034,0.137871001952913,"Журнал социологии и социальной антропологии",2017,"Том 20 № 3 (2017)"
"295",1.8345681991532,0.137840210188377,"Журнал социологии и социальной антропологии",2017,"Том 20 № 4 (2017)"
"296",1.97343837283562,0.113130589511611,"Журнал социологии и социальной антропологии",2017,"Том 20 № 5 (2017)"
"297",0.236247668967112,0.124683292603431,"Журнал социологии и социальной антропологии",2018,"Том 21 № 1 (2018)"
"298",0.484011271534641,0.147447879102557,"Журнал социологии и социальной антропологии",2018,"Том 21 № 2 (2018)"
"299",0.0886901724129092,0.122801320654483,"Журнал социологии и социальной антропологии",2018,"Том 21 № 3 (2018)"
"300",0.600541643135516,0.134018475782024,"Журнал социологии и социальной антропологии",2018,"Том 21 № 4 (2018)"
"301",1.59629945792457,0.109622604352598,"Журнал социологии и социальной антропологии",2018,"Том 21 № 5 (2018)"
"302",0.956999019844782,0.133708586335694,"Журнал социологии и социальной антропологии",2019,"Том 22 № 1 (2019)"
"303",1.09887358634499,0.130704988349077,"Журнал социологии и социальной антропологии",2019,"Том 22 № 2 (2019)"
"304",-0.462569333620579,0.129272418667422,"Журнал социологии и социальной антропологии",2019,"Том 22 № 3 (2019)"
"305",0.125277700477259,0.126797163202457,"Журнал социологии и социальной антропологии",2019,"Том 22 № 4 (2019)"
"306",2.06856900852549,0.111034204029635,"Журнал социологии и социальной антропологии",2019,"Том 22 № 5 (2019)"
"307",1.02627175279012,0.141732454827373,"Журнал социологии и социальной антропологии",2020,"Том 23 № 1 (2020)"
"308",-0.213299149620863,0.114308272392459,"Журнал социологии и социальной антропологии",2020,"Том 23 № 2 (2020)"
"309",0.0672452256376706,0.117799145707176,"Журнал социологии и социальной антропологии",2020,"Том 23 № 3 (2020)"
"310",0.0637118002882797,0.129181875534115,"Журнал социологии и социальной антропологии",2020,"Том 23 № 4 (2020)"
"311",0.353551804026307,0.139490717676831,"Журнал социологии и социальной антропологии",2020,"Том 23 № 5 (2020)"
"312",0.467068422358664,0.144055501224752,"Журнал социологии и социальной антропологии",2021,"Том 24 № 1 (2021)"
"313",0.353037087973331,0.133288267089476,"Журнал социологии и социальной антропологии",2021,"Том 24 № 2 (2021)"
"314",0.49752697429793,0.133787056989156,"Журнал социологии и социальной антропологии",2021,"Том 24 № 3 (2021)"
"315",-0.698077711117065,0.107150408348352,"Журнал социологии и социальной антропологии",2021,"Том 24 № 4 (2021)"
"316",0.464441919314884,0.126879188568891,"Журнал социологии и социальной антропологии",2022,"Том 25 № 1 (2022)"
"317",0.942340983228727,0.13829879846228,"Журнал социологии и социальной антропологии",2022,"Том 25 № 2 (2022)"
"318",-0.357331382622229,0.116179962991545,"Журнал социологии и социальной антропологии",2022,"Том 25 № 3 (2022)"
"319",-0.802844523745094,0.116324926970948,"Журнал социологии и социальной антропологии",2022,"Том 25 № 4 (2022)"
"320",0.372267276440952,0.122960310127953,"Журнал социологии и социальной антропологии",2023,"Том 26 № 1 (2023)"
"321",-0.801006782878968,0.105526528297251,"Журнал социологии и социальной антропологии",2023,"Том 26 № 2 (2023)"
"322",0.559421772464695,0.135402126481728,"Журнал социологии и социальной антропологии",2023,"Том 26 № 3 (2023)"
"323",0.698550106680745,0.128725779387665,"Журнал социологии и социальной антропологии",2023,"Том 26 № 4 (2023)"
"324",0.00282927982282657,0.175297047955581,"Мир России. Социология. Этнология",2010,"Том 19 № 1 (2010)"
"325",0.501756340551332,0.180462109710586,"Мир России. Социология. Этнология",2010,"Том 19 № 2 (2010)"
"326",0.68336512269118,0.207339014475087,"Мир России. Социология. Этнология",2010,"Том 19 № 3 (2010)"
"327",0.305671098357938,0.188499024311135,"Мир России. Социология. Этнология",2010,"Том 19 № 4 (2010)"
"328",-0.835819822385155,0.167512766505905,"Мир России. Социология. Этнология",2011,"Том 20 № 1 (2011)"
"329",0.266729543177712,0.19947627923502,"Мир России. Социология. Этнология",2011,"Том 20 № 2 (2011)"
"330",0.373774623857827,0.204228727050813,"Мир России. Социология. Этнология",2011,"Том 20 № 3 (2011)"
"331",0.0534949890082671,0.175472282399113,"Мир России. Социология. Этнология",2011,"Том 20 № 4 (2011)"
"332",0.906953611934705,0.160307276961628,"Мир России. Социология. Этнология",2012,"Том 21 № 1 (2012)"
"333",0.584143622443038,0.18136770461696,"Мир России. Социология. Этнология",2012,"Том 21 № 2 (2012)"
"334",-0.00118384962129397,0.182098205502253,"Мир России. Социология. Этнология",2012,"Том 21 № 3 (2012)"
"335",0.930578158690812,0.186650279122458,"Мир России. Социология. Этнология",2012,"Том 21 № 4 (2012)"
"336",-0.00208772044736457,0.172249536943744,"Мир России. Социология. Этнология",2013,"Том 22 № 1 (2013)"
"337",0.21991779495214,0.171625718953607,"Мир России. Социология. Этнология",2013,"Том 22 № 2 (2013)"
"338",-0.192598822862276,0.158460773714423,"Мир России. Социология. Этнология",2013,"Том 22 № 3 (2013)"
"339",-1.09651375967627,0.139113421873398,"Мир России. Социология. Этнология",2013,"Том 22 № 4 (2013)"
"340",0.58550729290824,0.172496289220996,"Мир России. Социология. Этнология",2014,"Том 23 № 1 (2014)"
"341",-0.613481642104635,0.14596923452856,"Мир России. Социология. Этнология",2014,"Том 23 № 2 (2014)"
"342",0.898806649148756,0.214267297952091,"Мир России. Социология. Этнология",2014,"Том 23 № 3 (2014)"
"343",0.123353598226366,0.174817621268726,"Мир России. Социология. Этнология",2014,"Том 23 № 4 (2014)"
"344",-0.132587321221176,0.144714751468011,"Мир России. Социология. Этнология",2015,"Том 24 № 1 (2015)"
"345",0.588103098975105,0.180849744521729,"Мир России. Социология. Этнология",2015,"Том 24 № 2 (2015)"
"346",0.582994566938073,0.145551939767248,"Мир России. Социология. Этнология",2015,"Том 24 № 3 (2015)"
"347",0.290066294462065,0.162148820651147,"Мир России. Социология. Этнология",2015,"Том 24 № 4 (2015)"
"348",0.723329311390119,0.1429340770301,"Мир России. Социология. Этнология",2016,"Том 25 № 1 (2016)"
"349",-0.00377018292478976,0.141883822026385,"Мир России. Социология. Этнология",2016,"Том 25 № 2 (2016)"
"350",0.141681445175165,0.145567397499922,"Мир России. Социология. Этнология",2016,"Том 25 № 3 (2016)"
"351",-0.15868644332885,0.142064709935491,"Мир России. Социология. Этнология",2016,"Том 25 № 4 (2016)"
"352",-1.1505876036578,0.125731660843211,"Мир России. Социология. Этнология",2017,"Том 26 № 1 (2017)"
"353",-0.109587282116479,0.155431333028052,"Мир России. Социология. Этнология",2017,"Том 26 № 2 (2017)"
"354",-0.415159140647598,0.133475638678632,"Мир России. Социология. Этнология",2017,"Том 26 № 3 (2017)"
"355",1.54954188005202,0.136088173805805,"Мир России. Социология. Этнология",2017,"Том 26 № 4 (2017)"
"356",-0.0807216427267316,0.152855479104827,"Мир России. Социология. Этнология",2018,"Том 27 № 1 (2018)"
"357",-0.529127510498494,0.120588319916392,"Мир России. Социология. Этнология",2018,"Том 27 № 2 (2018)"
"358",-0.0187481132148373,0.117557126422663,"Мир России. Социология. Этнология",2018,"Том 27 № 3 (2018)"
"359",0.972982531431733,0.136467543611792,"Мир России. Социология. Этнология",2018,"Том 27 № 4 (2018)"
"360",-0.15278402674383,0.111212528447152,"Мир России. Социология. Этнология",2019,"Том 28 № 1 (2019)"
"361",0.658062745118413,0.129554488577784,"Мир России. Социология. Этнология",2019,"Том 28 № 2 (2019)"
"362",1.000281204535,0.143734135914352,"Мир России. Социология. Этнология",2019,"Том 28 № 3 (2019)"
"363",-0.382047582166133,0.120740375321117,"Мир России. Социология. Этнология",2019,"Том 28 № 4 (2019)"
"364",0.0156302981576168,0.128822016348768,"Мир России. Социология. Этнология",2020,"Том 29 № 1 (2020)"
"365",-0.904011914368407,0.113041283070092,"Мир России. Социология. Этнология",2020,"Том 29 № 2 (2020)"
"366",0.356022504066854,0.120154508541255,"Мир России. Социология. Этнология",2020,"Том 29 № 3 (2020)"
"367",0.773737376210307,0.115255847918697,"Мир России. Социология. Этнология",2020,"Том 29 № 4 (2020)"
"368",-0.133305364749155,0.132093996759026,"Мир России. Социология. Этнология",2021,"Том 30 № 1 (2021)"
"369",-0.241980162379673,0.128337728007718,"Мир России. Социология. Этнология",2021,"Том 30 № 2 (2021)"
"370",-0.341864459223485,0.119120972105695,"Мир России. Социология. Этнология",2021,"Том 30 № 3 (2021)"
"371",-0.38361450736892,0.137495106982954,"Мир России. Социология. Этнология",2021,"Том 30 № 4 (2021)"
"372",-1.15408424106215,0.0976092736878509,"Мир России. Социология. Этнология",2022,"Том 31 № 1 (2022)"
"373",0.187686588236706,0.124815721784669,"Мир России. Социология. Этнология",2022,"Том 31 № 2 (2022)"
"374",1.08332598450082,0.154257041476584,"Мир России. Социология. Этнология",2022,"Том 31 № 3 (2022)"
"375",0.417141127649231,0.145351779498401,"Мир России. Социология. Этнология",2022,"Том 31 № 4 (2022)"
"376",-0.625168849977421,0.124364250597103,"Мир России. Социология. Этнология",2023,"Том 32 № 1 (2023)"
"377",-0.675601499114892,0.126802377080354,"Мир России. Социология. Этнология",2023,"Том 32 № 2 (2023)"
"378",-0.956126390628424,0.125937568481771,"Мир России. Социология. Этнология",2023,"Том 32 № 3 (2023)"
"379",-0.763578573670701,0.102414700416559,"Мир России. Социология. Этнология",2023,"Том 32 № 4 (2023)"
"380",-0.595771034002717,0.205612916580608,"Мониторинг общественного мнения",2010,"номер 1 (95)"
"381",-1.40465136864293,0.196290612702256,"Мониторинг общественного мнения",2010,"номер 2 (96)"
"382",-0.200077072851795,0.435273545681707,"Мониторинг общественного мнения",2010,"номер 3 (97)"
"383",-1.33881299679338,0.213404307452075,"Мониторинг общественного мнения",2010,"номер 4 (98)"
"384",-1.37965694189421,0.173935994687204,"Мониторинг общественного мнения",2010,"номер 5 (99)"
"385",-0.835215579312932,0.182146148121055,"Мониторинг общественного мнения",2010,"номер 6 (100)"
"386",-0.50905842917792,0.180022661870402,"Мониторинг общественного мнения",2011,"номер 1 (101)"
"387",-0.5835412567018,0.183169360089274,"Мониторинг общественного мнения",2011,"номер 2 (102)"
"388",-0.479883422654025,0.182155340441376,"Мониторинг общественного мнения",2011,"номер 3 (103)"
"389",-0.884721203873245,0.209730926708707,"Мониторинг общественного мнения",2011,"номер 4 (104)"
"390",-0.740930617485782,0.201668634660008,"Мониторинг общественного мнения",2011,"номер 5 (105)"
"391",-0.982948770134139,0.19333511505751,"Мониторинг общественного мнения",2011,"номер 6 (106)"
"392",0.497768558912654,0.184400646373734,"Мониторинг общественного мнения",2012,"номер 1 (107)"
"393",-0.434008443795504,0.204202108703197,"Мониторинг общественного мнения",2012,"номер 2 (108)"
"394",0.317743061430365,0.19614268637067,"Мониторинг общественного мнения",2012,"номер 3 (109)"
"395",-0.084587843766535,0.201074103448389,"Мониторинг общественного мнения",2012,"номер 4 (110)"
"396",-0.367103359545872,0.193352582646981,"Мониторинг общественного мнения",2012,"номер 5 (111)"
"397",-0.163098788219912,0.211715145444449,"Мониторинг общественного мнения",2012,"номер 6 (112)"
"398",-0.713972597850994,0.1739807292833,"Мониторинг общественного мнения",2013,"№1 за 2013 год"
"399",-1.18109250868259,0.160013063216643,"Мониторинг общественного мнения",2013,"№2 за 2013 год"
"400",-0.916534402108627,0.151307543563995,"Мониторинг общественного мнения",2013,"№3 за 2013 год"
"401",-1.25092427831752,0.151145311182635,"Мониторинг общественного мнения",2013,"№4 за 2013 год"
"402",-0.822773738466459,0.116886719815768,"Мониторинг общественного мнения",2013,"№5 за 2013 год"
"403",-0.981623003533603,0.101301187967122,"Мониторинг общественного мнения",2013,"№6 за 2013 год"
"404",-1.24592571216936,0.094435653989771,"Мониторинг общественного мнения",2014,"№1 за 2014 год"
"405",-1.10657257966286,0.0899581037447427,"Мониторинг общественного мнения",2014,"№2 за 2014 год"
"406",-0.951505613050282,0.113040068768717,"Мониторинг общественного мнения",2014,"№3 за 2014 год"
"407",-1.13194329140746,0.114755576993165,"Мониторинг общественного мнения",2014,"№4 за 2014 год"
"408",-0.896470589240477,0.105538152037187,"Мониторинг общественного мнения",2014,"№5 за 2014 год"
"409",-0.707614062054099,0.106600284307893,"Мониторинг общественного мнения",2014,"№6 за 2014 год"
"410",-0.822907136556685,0.0917826984949891,"Мониторинг общественного мнения",2015,"№ 1 (2015)"
"411",-0.695892815577441,0.102085260709496,"Мониторинг общественного мнения",2015,"№ 2 (2015)"
"412",-0.691664606555458,0.130361932839531,"Мониторинг общественного мнения",2015,"№ 3 (2015)"
"413",-0.607682635390898,0.123556738325788,"Мониторинг общественного мнения",2015,"№ 4 (2015)"
"414",-0.266677514422405,0.122131613520579,"Мониторинг общественного мнения",2015,"№ 5 (2015)"
"415",-0.962224281878725,0.110349650287147,"Мониторинг общественного мнения",2015,"№ 6 (2015)"
"416",-0.50332016345747,0.107488679704968,"Мониторинг общественного мнения",2016,"№ 1 (2016)"
"417",-1.21330614889398,0.0991428511767068,"Мониторинг общественного мнения",2016,"№ 2 (2016)"
"418",-0.850424801724176,0.119935886505146,"Мониторинг общественного мнения",2016,"№ 3 (2016)"
"419",0.0344098309511008,0.130744065340244,"Мониторинг общественного мнения",2016,"№ 4 (2016)"
"420",-1.10865255831878,0.104901605583956,"Мониторинг общественного мнения",2016,"№ 5 (2016)"
"421",-0.497158514657291,0.11202753014433,"Мониторинг общественного мнения",2016,"№ 6 (2016)"
"422",-0.0104329374486202,0.104353851650349,"Мониторинг общественного мнения",2017,"№ 1 (2017)"
"423",-0.367314913210235,0.117290246732166,"Мониторинг общественного мнения",2017,"№ 2 (2017)"
"424",-0.772251119738273,0.116245530363726,"Мониторинг общественного мнения",2017,"№ 3 (2017)"
"425",-0.577702563597179,0.123024375394834,"Мониторинг общественного мнения",2017,"№ 4 (2017)"
"426",-0.442457077929475,0.0857883362638271,"Мониторинг общественного мнения",2017,"№ 5 (2017)"
"427",-1.14293698979122,0.0808784248806582,"Мониторинг общественного мнения",2017,"№ 6 (2017)"
"428",1.56568717942613,0.106779860063128,"Мониторинг общественного мнения",2018,"Интернет как проблемное поле социальных наук"
"429",0.423955382001786,0.105846634211092,"Мониторинг общественного мнения",2018,"Российская социология религии: религия общества"
"430",0.954636747198623,0.124698236958703,"Мониторинг общественного мнения",2018,"ЧЕМ ЗАНИМАЮТСЯ СОЦИОЛОГИ В XXI ВЕКЕ: ВЗГЛЯД НА ВСЕМИРНЫЙ КОНГРЕСС МЕЖДУНАРОДНОЙ СОЦИОЛОГИЧЕСКОЙ АССОЦИАЦИИ В ТОРОНТО И НЕ ТОЛЬКО"
"431",-0.653623721442686,0.0918909727202019,"Мониторинг общественного мнения",2018,"№ 3 (2018)"
"432",-0.736126119501424,0.081574250063265,"Мониторинг общественного мнения",2018,"№ 4 (2018)"
"433",-0.919658710390941,0.0877566924235661,"Мониторинг общественного мнения",2018,"№ 6 (2018)"
"434",-1.14138693799765,0.0774321409507475,"Мониторинг общественного мнения",2019,"Баланс жизни и работы: семья, свободное время, трудовая деятельность"
"435",-0.35327492781251,0.0913842991313214,"Мониторинг общественного мнения",2019,"СОВРЕМЕННЫЕ МОЛОДЕЖНЫЕ КУЛЬТУРЫ: СОЛИДАРНОСТИ, КРЕАТИВНОСТЬ, АКТИВИЗМ, ПОВСЕДНЕВНОСТЬ"
"436",-0.298567063668955,0.079104227066316,"Мониторинг общественного мнения",2019,"Цифровизация экономики, политики, гражданского общества"
"437",-0.500429593615451,0.0838981263222101,"Мониторинг общественного мнения",2019,"№ 2 (2019)"
"438",-1.05551746751771,0.0760276637508694,"Мониторинг общественного мнения",2019,"№ 4 (2019)"
"439",-0.651819897521138,0.0745015507414873,"Мониторинг общественного мнения",2019,"№ 6 (2019)"
"440",-0.960925635785739,0.0746993341519834,"Мониторинг общественного мнения",2020,"Медиа и коммуникации во время пандемии COVID-19"
"441",-1.56227538685378,0.0620995192638177,"Мониторинг общественного мнения",2020,"Молодежь: жизненные стратегии и социальные конфликты"
"442",-2.19081439240475,0.0676783810930791,"Мониторинг общественного мнения",2020,"Счастье и субъективное благополучие в России"
"443",-1.11437062198617,0.0730391173097954,"Мониторинг общественного мнения",2020,"№ 2 (2020)"
"444",-1.43772060419434,0.0661166115326968,"Мониторинг общественного мнения",2020,"№ 4 (2020)"
"445",-1.0828823222436,0.0667757314385248,"Мониторинг общественного мнения",2020,"№ 5 (2020)"
"446",-0.197064365860338,0.0925193343793499,"Мониторинг общественного мнения",2021,"Искусственный интеллект"
"447",-0.744638201735828,0.0686403916192064,"Мониторинг общественного мнения",2021,"Меняющиеся профессии в изменчивом мире: сообщества, знания, институты"
"448",-1.06243271873763,0.0694950604373656,"Мониторинг общественного мнения",2021,"№ 2 (2021)"
"449",-0.886713598407502,0.0709844186568069,"Мониторинг общественного мнения",2021,"№ 4 (2021)"
"450",0.156461418447494,0.0820227471158653,"Мониторинг общественного мнения",2021,"№ 5 (2021)"
"451",-0.576185061020514,0.0695856596522608,"Мониторинг общественного мнения",2021,"№ 6 (2021)"
"452",-2.05312207697208,0.0589624336970297,"Мониторинг общественного мнения",2022,"Высшее образование в условиях пандемии: психологические, эмоциональные и социальные последствия"
"453",-1.15966423538123,0.0797513510750597,"Мониторинг общественного мнения",2022,"№ 1 (2022)"
"454",-1.27194157067706,0.0667572634188957,"Мониторинг общественного мнения",2022,"№ 2 (2022)"
"455",-1.12159877611598,0.0784223600294545,"Мониторинг общественного мнения",2022,"№ 3 (2022)"
"456",-0.820297598828958,0.0848556091618009,"Мониторинг общественного мнения",2022,"№ 4 (2022)"
"457",-0.479560025047477,0.0828121546706263,"Мониторинг общественного мнения",2022,"№ 5 (2022)"
"458",-1.84687002492825,0.0760789677216596,"Мониторинг общественного мнения",2023,"Демографические вызовы России: уникальные особенности или универсальные тренды развития?"
"459",-0.991676632984966,0.088907006652545,"Мониторинг общественного мнения",2023,"№ 1 (2023)"
"460",0.0392638580157918,0.105349154422824,"Мониторинг общественного мнения",2023,"№ 3 (2023)"
"461",-0.888670541367898,0.103899344178417,"Мониторинг общественного мнения",2023,"№ 4 (2023)"
"462",-1.36952519180218,0.0910553471279786,"Мониторинг общественного мнения",2023,"№ 5 (2023)"
"463",-2.2088894978673,0.0819825389998941,"Мониторинг общественного мнения",2023,"№ 6 (2023)"
"464",0.155343966709283,0.214274979667655,"Социологическая наука и социальная практика",2013,"№ 1 (2013): Социологическая наука и социальная практика"
"465",-1.21460657549268,0.234014637600082,"Социологическая наука и социальная практика",2013,"№ 2 (2013): Социологическая наука и социальная практика"
"466",-0.288202401271485,0.258903547251715,"Социологическая наука и социальная практика",2013,"№ 3 (2013): Социологическая наука и социальная практика"
"467",-1.30498794016453,0.24263325823657,"Социологическая наука и социальная практика",2013,"№ 4 (2013): Социологическая наука и социальная практика"
"468",-0.283235800172921,0.241662667010404,"Социологическая наука и социальная практика",2014,"№ 1 (2014): Социологическая наука и социальная практика"
"469",-0.335208270232273,0.120842394141069,"Социологическая наука и социальная практика",2014,"№ 2 (2014): Социологическая наука и социальная практика"
"470",-0.850463084185071,0.144758478884781,"Социологическая наука и социальная практика",2014,"№ 3 (2014): Социологическая наука и социальная практика"
"471",-0.176103119580188,0.144856321045456,"Социологическая наука и социальная практика",2014,"№ 4 (2014): Социологическая наука и социальная практика"
"472",-0.839425222241632,0.139993757281954,"Социологическая наука и социальная практика",2015,"№ 1 (2015): Социологическая наука и социальная практика"
"473",0.103041343351993,0.139429913618174,"Социологическая наука и социальная практика",2015,"№ 2 (2015): Социологическая наука и социальная практика"
"474",-0.561374685481103,0.139967289978934,"Социологическая наука и социальная практика",2015,"№ 3 (2015): Социологическая наука и социальная практика"
"475",-0.252374376380346,0.144736048025821,"Социологическая наука и социальная практика",2015,"№ 4 (2015): Социологическая наука и социальная практика"
"476",-0.707420795109203,0.147145254523403,"Социологическая наука и социальная практика",2016,"Том 4 № 2 (2016): Социологическая наука и социальная практика"
"477",0.19779181213835,0.142771847604192,"Социологическая наука и социальная практика",2016,"Том 4 № 3 (2016): Социологическая наука и социальная практика"
"478",-1.16427058334296,0.109062183846165,"Социологическая наука и социальная практика",2016,"Том 4 № 4 (2016): Социологическая наука и социальная практика"
"479",-0.491853038481628,0.154279208597949,"Социологическая наука и социальная практика",2016,"№ 1 (2016): Социологическая наука и социальная практика"
"480",0.0298643476125746,0.130916301764113,"Социологическая наука и социальная практика",2017,"Том 5 № 1 (2017): Социологическая наука и социальная практика"
"481",-0.70995886501386,0.135373445691451,"Социологическая наука и социальная практика",2017,"Том 5 № 2 (2017): Социологическая наука и социальная практика"
"482",-1.35954768736652,0.121426749007486,"Социологическая наука и социальная практика",2017,"Том 5 № 3 (2017): Социологическая наука и социальная практика"
"483",-1.35736217269476,0.117171443601506,"Социологическая наука и социальная практика",2017,"Том 5 № 4 (2017): Социологическая наука и социальная практика"
"484",-1.02378070321394,0.131604942912775,"Социологическая наука и социальная практика",2018,"Том 6 № 1 (2018): Социологическая наука и социальная практика"
"485",-0.902200867634978,0.105311307624675,"Социологическая наука и социальная практика",2018,"Том 6 № 2 (2018): Социологическая наука и социальная практика"
"486",-0.981991972227889,0.109485610382403,"Социологическая наука и социальная практика",2018,"Том 6 № 3 (2018): Социологическая наука и социальная практика"
"487",-0.409364824420304,0.0951435222405258,"Социологическая наука и социальная практика",2018,"Том 6 № 4 (2018): Социологическая наука и социальная практика"
"488",-0.538353099768411,0.115513224022274,"Социологическая наука и социальная практика",2019,"Том 7 № 1 (2019): Социологическая наука и социальная практика"
"489",-1.90921602223994,0.0908139407165233,"Социологическая наука и социальная практика",2019,"Том 7 № 2 (2019): Социологическая наука и социальная практика"
"490",-1.28113721290623,0.0988255646977599,"Социологическая наука и социальная практика",2019,"Том 7 № 3 (2019): Социологическая наука и социальная практика"
"491",-1.22541647645979,0.0831582095288622,"Социологическая наука и социальная практика",2019,"Том 7 № 4 (2019): Социологическая наука и социальная практика"
"492",-1.06153412169289,0.0995966174158301,"Социологическая наука и социальная практика",2020,"Том 8 № 1 (2020): Социологическая наука и социальная практика"
"493",-0.27750682868432,0.129666574745878,"Социологическая наука и социальная практика",2020,"Том 8 № 2 (2020): Социологическая наука и социальная практика"
"494",-1.5249919431951,0.0883473681166126,"Социологическая наука и социальная практика",2020,"Том 8 № 3 (2020): Социологическая наука и социальная практика"
"495",-1.40575404155669,0.0795558408793953,"Социологическая наука и социальная практика",2020,"Том 8 № 4 (2020): Социологическая наука и социальная практика"
"496",-0.908437345300797,0.100811127150777,"Социологическая наука и социальная практика",2021,"Том 9 № 1 (2021): Социологическая наука и социальная практика"
"497",-1.58508900943244,0.0856820786981782,"Социологическая наука и социальная практика",2021,"Том 9 № 2 (2021): Социологическая наука и социальная практика"
"498",-1.26363458918463,0.0787874507774184,"Социологическая наука и социальная практика",2021,"Том 9 № 3 (2021): Социологическая наука и социальная практика"
"499",-1.50212332138884,0.0768919914420864,"Социологическая наука и социальная практика",2021,"Том 9 № 4 (2021): Социологическая наука и социальная практика"
"500",-0.491347267898037,0.102329197735459,"Социологическая наука и социальная практика",2022,"Том 10 № 1 (2022): Социологическая наука и социальная практика"
"501",-0.629536903729102,0.118889746568663,"Социологическая наука и социальная практика",2022,"Том 10 № 2 (2022): Социологическая наука и социальная практика"
"502",-1.18278746011932,0.100199116070873,"Социологическая наука и социальная практика",2022,"Том 10 № 3 (2022): Социологическая наука и социальная практика"
"503",-1.71798819552386,0.0965070486887595,"Социологическая наука и социальная практика",2022,"Том 10 № 4 (2022): Социологическая наука и социальная практика"
"504",-1.43920159862034,0.0936523306183933,"Социологическая наука и социальная практика",2023,"Том 11 № 1 (2023): Социологическая наука и социальная практика"
"505",-0.898395306093347,0.11147269762105,"Социологическая наука и социальная практика",2023,"Том 11 № 2 (2023): Социологическая наука и социальная практика"
"506",-1.66339432628225,0.0871124410584806,"Социологическая наука и социальная практика",2023,"Том 11 № 3 (2023): Социологическая наука и социальная практика"
"507",-1.00886001494478,0.0859070363967263,"Социологическая наука и социальная практика",2023,"Том 11 № 4 (2023): Социологическая наука и социальная практика"
"508",-0.54591634085601,0.204513355604893,"Социологические исследования",2010,"2010_01"
"509",-1.61328277846978,0.191040949288887,"Социологические исследования",2010,"2010_02"
"510",-1.44602381385921,0.166728295536895,"Социологические исследования",2010,"2010_03"
"511",0.0229794830398282,0.231927832940485,"Социологические исследования",2010,"2010_04"
"512",0.268960958707616,0.204002184859245,"Социологические исследования",2010,"2010_05"
"513",-0.170280407986963,0.263010508642022,"Социологические исследования",2010,"2010_06"
"514",-0.964240115950936,0.184732130344398,"Социологические исследования",2010,"2010_07"
"515",-0.596491065965948,0.182656947099559,"Социологические исследования",2010,"2010_08"
"516",-0.554240409634572,0.226059838532648,"Социологические исследования",2010,"2010_09"
"517",-0.0530857903249192,0.220002570701237,"Социологические исследования",2010,"2010_10"
"518",-0.385847078373056,0.208791228335166,"Социологические исследования",2010,"2010_11"
"519",-0.607240961128186,0.23746069318316,"Социологические исследования",2010,"2010_12"
"520",-0.452222667286958,0.240573454262076,"Социологические исследования",2011,"2011_01"
"521",-1.15645003151815,0.23434003831964,"Социологические исследования",2011,"2011_02"
"522",-0.608980091929728,0.20629275732852,"Социологические исследования",2011,"2011_03"
"523",-0.579925220281372,0.209749310175282,"Социологические исследования",2011,"2011_04"
"524",-0.678777298570433,0.179705501684149,"Социологические исследования",2011,"2011_05"
"525",-0.320973773406686,0.216079061669048,"Социологические исследования",2011,"2011_06"
"526",-0.119557754207123,0.17068987540089,"Социологические исследования",2011,"2011_07"
"527",-0.357392988773785,0.203386034032798,"Социологические исследования",2011,"2011_08"
"528",-0.864641090706091,0.204101752764005,"Социологические исследования",2011,"2011_09"
"529",-1.27991322637178,0.250703759505234,"Социологические исследования",2011,"2011_10"
"530",-0.574635727032961,0.179530234281722,"Социологические исследования",2011,"2011_11"
"531",-0.453820622187858,0.18660675618873,"Социологические исследования",2011,"2011_12"
"532",-1.01089817552354,0.211932713051936,"Социологические исследования",2012,"2012_01"
"533",-1.03555229398116,0.209176979244847,"Социологические исследования",2012,"2012_02"
"534",-0.582932395882847,0.240756891302895,"Социологические исследования",2012,"2012_03"
"535",0.115679173191979,0.246393487667873,"Социологические исследования",2012,"2012_04"
"536",-0.154817179996919,0.192782507280092,"Социологические исследования",2012,"2012_05"
"537",1.35405384460716,0.213078709117089,"Социологические исследования",2012,"2012_06"
"538",-0.137041021356452,0.187870906496513,"Социологические исследования",2012,"2012_07"
"539",-1.0119762967397,0.162686047382694,"Социологические исследования",2012,"2012_08"
"540",-1.47857918519611,0.185006693889911,"Социологические исследования",2012,"2012_09"
"541",-0.0213662837131659,0.213660745737221,"Социологические исследования",2012,"2012_10"
"542",0.600055802914642,0.192382540821846,"Социологические исследования",2012,"2012_11"
"543",-0.488129497404464,0.215956340403276,"Социологические исследования",2012,"2012_12"
"544",-1.10044193108939,0.184016377931789,"Социологические исследования",2013,"2013_01"
"545",-1.42580625743824,0.197449823090589,"Социологические исследования",2013,"2013_02"
"546",-0.826778026707077,0.227181370422419,"Социологические исследования",2013,"2013_03"
"547",0.163169152049625,0.202541377565812,"Социологические исследования",2013,"2013_04"
"548",-0.451463435568016,0.181841288860329,"Социологические исследования",2013,"2013_05"
"549",-0.491276033517152,0.240594169098482,"Социологические исследования",2013,"2013_06"
"550",-0.307165640542384,0.176294060026194,"Социологические исследования",2013,"2013_07"
"551",-0.0987342801564157,0.17843135209373,"Социологические исследования",2013,"2013_08"
"552",-1.0793412606572,0.176184909184713,"Социологические исследования",2013,"2013_09"
"553",0.650504087020193,0.217399222018081,"Социологические исследования",2013,"2013_10"
"554",-1.24332639813464,0.185582573629812,"Социологические исследования",2013,"2013_11"
"555",-0.574442866253194,0.215358198952737,"Социологические исследования",2013,"2013_12"
"556",0.74528346744174,0.190061546871563,"Социологические исследования",2014,"2014_01"
"557",-0.240640781765001,0.230050726777966,"Социологические исследования",2014,"2014_02"
"558",0.193757864135282,0.183996300631647,"Социологические исследования",2014,"2014_03"
"559",-0.93416881858011,0.151790730814367,"Социологические исследования",2014,"2014_04"
"560",-0.455581215133854,0.198054290400302,"Социологические исследования",2014,"2014_05"
"561",-0.05038910905851,0.189758691967513,"Социологические исследования",2014,"2014_06"
"562",-0.45964739057907,0.19435316525154,"Социологические исследования",2014,"2014_07"
"563",-0.354927564026017,0.204661946036643,"Социологические исследования",2014,"2014_08"
"564",0.0289486424090646,0.188942938129138,"Социологические исследования",2014,"2014_09"
"565",-0.324128009395105,0.181050231102619,"Социологические исследования",2014,"2014_10"
"566",-1.45106636479504,0.177602778370993,"Социологические исследования",2014,"2014_11"
"567",-0.110533424142132,0.197118925480586,"Социологические исследования",2014,"2014_12"
"568",-0.733733204242067,0.137312414647155,"Социологические исследования",2015,"Социологические исследования. № 1 2015"
"569",-0.107981659318931,0.124180926279538,"Социологические исследования",2015,"Социологические исследования. № 10 2015"
"570",-1.08677185558015,0.112090925411483,"Социологические исследования",2015,"Социологические исследования. № 11 2015"
"571",-0.66242999136634,0.133299131454631,"Социологические исследования",2015,"Социологические исследования. № 12 2015"
"572",-0.561277899834518,0.154955966068309,"Социологические исследования",2015,"Социологические исследования. № 2 2015"
"573",-0.607587510948566,0.137501094171285,"Социологические исследования",2015,"Социологические исследования. № 3 2015"
"574",-0.171004296625559,0.143188287723634,"Социологические исследования",2015,"Социологические исследования. № 4 2015"
"575",-0.531229582287622,0.127186285905967,"Социологические исследования",2015,"Социологические исследования. № 5 2015"
"576",-1.29642171916929,0.119774362147374,"Социологические исследования",2015,"Социологические исследования. № 6 2015"
"577",-0.593323356768185,0.139536541834331,"Социологические исследования",2015,"Социологические исследования. № 7 2015"
"578",-0.643924217169636,0.132182603911834,"Социологические исследования",2015,"Социологические исследования. № 8 2015"
"579",-0.626185494214952,0.126350739565928,"Социологические исследования",2015,"Социологические исследования. № 9 2015"
"580",-1.13664716360772,0.119041971893411,"Социологические исследования",2016,"Социологические исследования. № 1 2016"
"581",-0.75695951304279,0.116113837600966,"Социологические исследования",2016,"Социологические исследования. № 10 2016"
"582",-0.15495670850046,0.120448968550827,"Социологические исследования",2016,"Социологические исследования. № 11 2016"
"583",-0.16139902787785,0.122128151899625,"Социологические исследования",2016,"Социологические исследования. № 12 2016"
"584",-0.720079863470117,0.119922515382502,"Социологические исследования",2016,"Социологические исследования. № 2 2016"
"585",-0.246120786632034,0.122571590094705,"Социологические исследования",2016,"Социологические исследования. № 3 2016"
"586",-1.15032186860583,0.105628954153699,"Социологические исследования",2016,"Социологические исследования. № 4 2016"
"587",-0.323585149939891,0.130830503474949,"Социологические исследования",2016,"Социологические исследования. № 5 2016"
"588",-0.758291976591672,0.119792286561121,"Социологические исследования",2016,"Социологические исследования. № 6 2016"
"589",-0.0599093411299855,0.127653621702234,"Социологические исследования",2016,"Социологические исследования. № 7 2016"
"590",-0.603689537452737,0.130942500161627,"Социологические исследования",2016,"Социологические исследования. № 8 2016"
"591",-1.12932468875877,0.108760077800885,"Социологические исследования",2016,"Социологические исследования. № 9 2016"
"592",-1.01254439850079,0.121835151709846,"Социологические исследования",2017,"Социологические исследования. № 1 2017"
"593",0.0807645472231342,0.11739659268387,"Социологические исследования",2017,"Социологические исследования. № 10 2017"
"594",-0.368230176499704,0.108211858220246,"Социологические исследования",2017,"Социологические исследования. № 11 2017"
"595",-0.299466817645289,0.115197623172461,"Социологические исследования",2017,"Социологические исследования. № 12 2017"
"596",-0.668336100514946,0.112493312808697,"Социологические исследования",2017,"Социологические исследования. № 2 2017"
"597",-1.02153860033051,0.100281853275163,"Социологические исследования",2017,"Социологические исследования. № 3 2017"
"598",0.0862014033969638,0.121945501443397,"Социологические исследования",2017,"Социологические исследования. № 4 2017"
"599",-0.170180202209336,0.111591189931857,"Социологические исследования",2017,"Социологические исследования. № 5 2017"
"600",-0.385022863387143,0.131822681498105,"Социологические исследования",2017,"Социологические исследования. № 6 2017"
"601",-0.305737285429748,0.107428751553413,"Социологические исследования",2017,"Социологические исследования. № 7 2017"
"602",-0.120869053824586,0.120005721040968,"Социологические исследования",2017,"Социологические исследования. № 8 2017"
"603",0.214663174668757,0.117885393835034,"Социологические исследования",2017,"Социологические исследования. № 9 2017"
"604",-0.0485973903572178,0.123685990905236,"Социологические исследования",2018,"Социологические исследования. № 1 2018"
"605",0.482446629186687,0.124433839229852,"Социологические исследования",2018,"Социологические исследования. № 10 2018"
"606",-0.254139147476445,0.112749262459884,"Социологические исследования",2018,"Социологические исследования. № 11 2018"
"607",0.526883244406037,0.117308655283735,"Социологические исследования",2018,"Социологические исследования. № 12 2018"
"608",-0.177840043885171,0.122001270289178,"Социологические исследования",2018,"Социологические исследования. № 2 2018"
"609",-0.724463298055996,0.0991881289546738,"Социологические исследования",2018,"Социологические исследования. № 3 2018"
"610",-1.18402241581076,0.102134171872934,"Социологические исследования",2018,"Социологические исследования. № 4 2018"
"611",0.729381991224673,0.132298057933764,"Социологические исследования",2018,"Социологические исследования. № 5 2018"
"612",-0.21512599483798,0.121937655903903,"Социологические исследования",2018,"Социологические исследования. № 6 2018"
"613",-0.233003680736232,0.107192132896484,"Социологические исследования",2018,"Социологические исследования. № 7 2018"
"614",-0.358994402588699,0.111637301085877,"Социологические исследования",2018,"Социологические исследования. № 8 2018"
"615",-0.872981490742841,0.11448482968608,"Социологические исследования",2018,"Социологические исследования. № 9 2018"
"616",-0.422108731100461,0.113392406368647,"Социологические исследования",2019,"Социологические исследования. № 1 2019"
"617",0.139057818781288,0.122379031315686,"Социологические исследования",2019,"Социологические исследования. № 10 2019"
"618",-0.233752934038445,0.119427863765878,"Социологические исследования",2019,"Социологические исследования. № 11 2019"
"619",-0.167376907852665,0.128388104445808,"Социологические исследования",2019,"Социологические исследования. № 12 2019"
"620",-0.108966573100467,0.114867927284324,"Социологические исследования",2019,"Социологические исследования. № 2 2019"
"621",-0.771156864158152,0.107799085737678,"Социологические исследования",2019,"Социологические исследования. № 3 2019"
"622",-0.507524687601467,0.109620161754941,"Социологические исследования",2019,"Социологические исследования. № 4 2019"
"623",-0.538888133642502,0.106998686274546,"Социологические исследования",2019,"Социологические исследования. № 5 2019"
"624",0.529114832254601,0.124793356498058,"Социологические исследования",2019,"Социологические исследования. № 6 2019"
"625",-0.963931859466825,0.10457104952495,"Социологические исследования",2019,"Социологические исследования. № 7 2019"
"626",-0.456043099291933,0.109692260507575,"Социологические исследования",2019,"Социологические исследования. № 8 2019"
"627",-0.556092885120688,0.11421326731617,"Социологические исследования",2019,"Социологические исследования. № 9 2019"
"628",-0.142384892448856,0.122282198533814,"Социологические исследования",2020,"Социологические исследования. № 1 2020"
"629",-0.354351207487649,0.118084586475736,"Социологические исследования",2020,"Социологические исследования. № 10 2020"
"630",-0.667709233540297,0.10663553387585,"Социологические исследования",2020,"Социологические исследования. № 11 2020"
"631",-0.912016282149236,0.111651091628052,"Социологические исследования",2020,"Социологические исследования. № 12 2020"
"632",0.130423590325931,0.115745073081524,"Социологические исследования",2020,"Социологические исследования. № 2 2020"
"633",-1.14885338122777,0.106222324535326,"Социологические исследования",2020,"Социологические исследования. № 3 2020"
"634",-0.581378514550567,0.107591934398434,"Социологические исследования",2020,"Социологические исследования. № 4 2020"
"635",0.754187558056913,0.130173163023152,"Социологические исследования",2020,"Социологические исследования. № 5 2020"
"636",-0.100252046835245,0.116301794460875,"Социологические исследования",2020,"Социологические исследования. № 6 2020"
"637",-0.346929627401989,0.110717365010735,"Социологические исследования",2020,"Социологические исследования. № 7 2020"
"638",-0.229964526903727,0.11621691886911,"Социологические исследования",2020,"Социологические исследования. № 8 2020"
"639",-0.688496515838876,0.108767858561752,"Социологические исследования",2020,"Социологические исследования. № 9 2020"
"640",-0.773646493361466,0.117343162724676,"Социологические исследования",2021,"Социологические исследования. № 1 2021"
"641",-0.818717875161244,0.104456991543119,"Социологические исследования",2021,"Социологические исследования. № 10 2021"
"642",-0.613734107163809,0.111820790746298,"Социологические исследования",2021,"Социологические исследования. № 11 2021"
"643",1.02490949022381,0.152495074410537,"Социологические исследования",2021,"Социологические исследования. № 12 2021"
"644",-0.0194090736443116,0.121196416908038,"Социологические исследования",2021,"Социологические исследования. № 2 2021"
"645",-0.553179186426165,0.114639281603807,"Социологические исследования",2021,"Социологические исследования. № 3 2021"
"646",0.45151017358444,0.12044357986382,"Социологические исследования",2021,"Социологические исследования. № 4 2021"
"647",-0.707736446258503,0.11810300140915,"Социологические исследования",2021,"Социологические исследования. № 5 2021"
"648",0.536218984222881,0.125376809949932,"Социологические исследования",2021,"Социологические исследования. № 6 2021"
"649",-0.706101521737608,0.105348280346535,"Социологические исследования",2021,"Социологические исследования. № 7 2021"
"650",-0.0953946816645582,0.118295123080888,"Социологические исследования",2021,"Социологические исследования. № 8 2021"
"651",-0.470235393181758,0.11920252836413,"Социологические исследования",2021,"Социологические исследования. № 9 2021"
"652",0.563686522789391,0.141438247242846,"Социологические исследования",2022,"Социологические исследования. № 1 2022"
"653",-0.708394587139108,0.104829818131644,"Социологические исследования",2022,"Социологические исследования. № 10 2022"
"654",-0.868179314239473,0.106147478948918,"Социологические исследования",2022,"Социологические исследования. № 11 2022"
"655",0.144008591894,0.124667590285787,"Социологические исследования",2022,"Социологические исследования. № 12 2022"
"656",-0.870779507305349,0.114459731091001,"Социологические исследования",2022,"Социологические исследования. № 2 2022"
"657",-0.0550749421733264,0.119558179346444,"Социологические исследования",2022,"Социологические исследования. № 3 2022"
"658",-0.189393624076865,0.115189868475488,"Социологические исследования",2022,"Социологические исследования. № 4 2022"
"659",-1.1474111805921,0.0982009402665863,"Социологические исследования",2022,"Социологические исследования. № 5 2022"
"660",-0.536329861464613,0.114480137254046,"Социологические исследования",2022,"Социологические исследования. № 6 2022"
"661",0.0999660489424277,0.119620861833611,"Социологические исследования",2022,"Социологические исследования. № 7 2022"
"662",-0.151869185769089,0.114874658935889,"Социологические исследования",2022,"Социологические исследования. № 8 2022"
"663",-0.413638337376582,0.113811934375873,"Социологические исследования",2022,"Социологические исследования. № 9 2022"
"664",-0.868327517252509,0.106384908329399,"Социологические исследования",2023," № 10 "
"665",0.131130862005148,0.114093347422626,"Социологические исследования",2023," № 11 "
"666",-0.377621295988741,0.134795593005631,"Социологические исследования",2023," № 1 "
"667",-0.801047100717708,0.102110876098931,"Социологические исследования",2023," № 2 "
"668",0.344882768966829,0.121841012284212,"Социологические исследования",2023," № 3 "
"669",-0.201660314578021,0.120690905366386,"Социологические исследования",2023," № 4 "
"670",-0.551263145687623,0.116543025690027,"Социологические исследования",2023," № 5 "
"671",-0.999976754951734,0.113867787345316,"Социологические исследования",2023," № 6 "
"672",-0.866732631413619,0.114584251267838,"Социологические исследования",2023," № 7 "
"673",-0.643966561880628,0.108939220150854,"Социологические исследования",2023," № 8 "
"674",-0.320362505218134,0.129939932190233,"Социологические исследования",2023," № 9 "
"675",1.69520291733289,0.211009928212223,"Социологический журнал",2010,"№ 1 (2010)"
"676",1.15301587664958,0.224203231109023,"Социологический журнал",2010,"№ 2 (2010)"
"677",-0.679442655386188,0.226284099265664,"Социологический журнал",2010,"№ 3 (2010)"
"678",0.68368669899684,0.226841789229881,"Социологический журнал",2010,"№ 4 (2010)"
"679",0.0812569220646071,0.227285442479793,"Социологический журнал",2011,"№ 1 (2011)"
"680",0.931896575276821,0.281770854554165,"Социологический журнал",2011,"№ 2 (2011)"
"681",-0.167573186325162,0.215345039318443,"Социологический журнал",2011,"№ 3 (2011)"
"682",0.347809256982812,0.221716592425746,"Социологический журнал",2011,"№ 4 (2011)"
"683",0.0836862191152593,0.196162525077632,"Социологический журнал",2012,"№ 1 (2012)"
"684",0.176101604771596,0.17781683981828,"Социологический журнал",2012,"№ 2 (2012)"
"685",0.859625723583145,0.197413834597075,"Социологический журнал",2012,"№ 3 (2012)"
"686",-0.529532720493127,0.202363182256922,"Социологический журнал",2012,"№ 4 (2012)"
"687",0.237713420486955,0.206372790525009,"Социологический журнал",2013,"№ 1 (2013)"
"688",0.0587421831522189,0.204295258318111,"Социологический журнал",2013,"№ 2 (2013)"
"689",0.0860269717108438,0.201395516663642,"Социологический журнал",2013,"№ 3 (2013)"
"690",0.249644224653885,0.212796066915047,"Социологический журнал",2013,"№ 4 (2013)"
"691",-0.555916065830894,0.164818549066344,"Социологический журнал",2014,"Том 20 № 4 (2014)"
"692",-0.882567992763397,0.223171786187053,"Социологический журнал",2014,"№ 1 (2014)"
"693",-0.259499903528994,0.12633318384418,"Социологический журнал",2014,"№ 2 (2014)"
"694",-0.377805533403934,0.1235754729738,"Социологический журнал",2014,"№ 3 (2014)"
"695",0.0697417466985284,0.182323179538372,"Социологический журнал",2015,"Том 21 № 1 (2015)"
"696",-0.554204062818628,0.162235455621625,"Социологический журнал",2015,"Том 21 № 2 (2015)"
"697",0.129078887239624,0.156216923339299,"Социологический журнал",2015,"Том 21 № 3 (2015)"
"698",0.365598335135879,0.165852592398741,"Социологический журнал",2015,"Том 21 № 4 (2015)"
"699",-1.15441373798115,0.122313614275175,"Социологический журнал",2016,"Том 22 № 1 (2016)"
"700",-0.0899529409333776,0.141979601140351,"Социологический журнал",2016,"Том 22 № 2 (2016)"
"701",-0.448483427212633,0.12987001622916,"Социологический журнал",2016,"Том 22 № 3 (2016)"
"702",0.285736151986011,0.144574206566002,"Социологический журнал",2016,"Том 22 № 4 (2016)"
"703",0.00233835774067206,0.146838697033919,"Социологический журнал",2017,"Том 23 № 1 (2017)"
"704",-0.780647327956985,0.127786284842228,"Социологический журнал",2017,"Том 23 № 2 (2017)"
"705",-0.288700257029213,0.121672421660723,"Социологический журнал",2017,"Том 23 № 3 (2017)"
"706",0.563633515168373,0.12500487272924,"Социологический журнал",2017,"Том 23 № 4 (2017)"
"707",-0.539749412638117,0.122822099515177,"Социологический журнал",2018,"Том 24 № 1 (2018)"
"708",-1.0816412273596,0.118459622007243,"Социологический журнал",2018,"Том 24 № 2 (2018)"
"709",-0.758040578990334,0.117711972395463,"Социологический журнал",2018,"Том 24 № 3 (2018)"
"710",0.264463280116782,0.136228924689885,"Социологический журнал",2018,"Том 24 № 4 (2018)"
"711",-0.0468863604220642,0.120330262131042,"Социологический журнал",2019,"Том 25 № 1 (2019)"
"712",0.0395165550959694,0.12262371250007,"Социологический журнал",2019,"Том 25 № 2 (2019)"
"713",0.180771068311953,0.121760723290696,"Социологический журнал",2019,"Том 25 № 3 (2019)"
"714",0.72011884673363,0.131766220282742,"Социологический журнал",2019,"Том 25 № 4 (2019)"
"715",0.658345513356272,0.130893867687523,"Социологический журнал",2020,"Том 26 № 1 (2020)"
"716",-0.588234487236811,0.121442742741217,"Социологический журнал",2020,"Том 26 № 2 (2020)"
"717",-0.357348260835469,0.138723849845394,"Социологический журнал",2020,"Том 26 № 3 (2020)"
"718",-0.393019505778265,0.128039173037595,"Социологический журнал",2020,"Том 26 № 4 (2020)"
"719",0.112180751750638,0.136457020678785,"Социологический журнал",2021,"Том 27 № 1 (2021)"
"720",-0.0373988345385713,0.127418464739662,"Социологический журнал",2021,"Том 27 № 2 (2021)"
"721",-0.888309891841473,0.116722170928018,"Социологический журнал",2021,"Том 27 № 3 (2021)"
"722",-0.765624218239482,0.125339170661876,"Социологический журнал",2021,"Том 27 № 4 (2021)"
"723",-0.173796377126955,0.131135354316629,"Социологический журнал",2022,"Том 28 № 1 (2022)"
"724",-0.809905115389663,0.118772554326554,"Социологический журнал",2022,"Том 28 № 2 (2022)"
"725",0.0468277586528398,0.134309889900272,"Социологический журнал",2022,"Том 28 № 3 (2022)"
"726",-0.479251122145032,0.135871226326705,"Социологический журнал",2022,"Том 28 № 4 (2022)"
"727",0.515073082644021,0.131119430081316,"Социологический журнал",2023,"Том 29 № 1 (2023)"
"728",-0.406379291095051,0.120610080154902,"Социологический журнал",2023,"Том 29 № 2 (2023)"
"729",-0.267332596801031,0.128307452628812,"Социологический журнал",2023,"Том 29 № 3 (2023)"
"730",-0.290476590784854,0.136642878649632,"Социологический журнал",2023,"Том 29 № 4 (2023)"
"731",0.0494117848481861,0.197668174838347,"Социология власти",2010,"номер 1"
"732",-0.674464887734631,0.158496244295157,"Социология власти",2010,"номер 2"
"733",-0.36961552157282,0.176333846919608,"Социология власти",2010,"номер 3"
"734",-0.776017002894499,0.183575249052188,"Социология власти",2010,"номер 4"
"735",-0.242186783430602,0.181474297465803,"Социология власти",2010,"номер 5"
"736",-0.88339276934897,0.180236830690457,"Социология власти",2010,"номер 6"
"737",-0.737040007567743,0.184499582622444,"Социология власти",2010,"номер 7"
"738",-0.829044903401531,0.187397375805257,"Социология власти",2010,"номер 8"
"739",-0.466838907799041,0.198383597960955,"Социология власти",2011,"номер 1"
"740",-0.576825212283758,0.178189092879956,"Социология власти",2011,"номер 2"
"741",-0.133777213276911,0.17468854183916,"Социология власти",2011,"номер 3"
"742",-0.663358321400257,0.154729708557289,"Социология власти",2011,"номер 4"
"743",-0.647620979987652,0.172791569418165,"Социология власти",2011,"номер 5"
"744",-0.447114303829334,0.178087511765979,"Социология власти",2011,"номер 6"
"745",-0.417531046138813,0.213222361954596,"Социология власти",2011,"номер 7"
"746",-0.458697984062015,0.205231567184865,"Социология власти",2011,"номер 8"
"747",-0.181514114829843,0.170403775969164,"Социология власти",2012,"номер 1"
"748",-0.361840983843667,0.176280601551848,"Социология власти",2012,"номер 2"
"749",-0.0558389750487485,0.147174912334521,"Социология власти",2012,"номер 3"
"750",2.34692566939837,0.192293255716428,"Социология власти",2012,"номер 4-5"
"751",1.05200114068814,0.229537905229783,"Социология власти",2012,"номер 6-7"
"752",1.24431677325169,0.273198404879082,"Социология власти",2012,"номер 8"
"753",1.41911896288456,0.273166612507139,"Социология власти",2013,"номер 1-2"
"754",1.81727291049023,0.21380403393297,"Социология власти",2013,"номер 3"
"755",0.997425071713509,0.214754158211577,"Социология власти",2013,"номер 4"
"756",1.84414782960427,0.241612393870635,"Социология власти",2014,"номер 1"
"757",1.93007215723478,0.182508062825735,"Социология власти",2014,"номер 2"
"758",2.16791036623449,0.175761816381461,"Социология власти",2014,"номер 4"
"759",3.29027774355419,0.167452737924501,"Социология власти",2015,"номер 1 том 27"
"760",1.74864614932892,0.198767437515661,"Социология власти",2015,"номер 2 том 27"
"761",1.26062583476446,0.161657061891454,"Социология власти",2015,"номер 3 том 27"
"762",1.24065796119851,0.126615367479443,"Социология власти",2015,"номер 4 том 27"
"763",1.82743800890531,0.131849334451546,"Социология власти",2016,"номер 1 том 28"
"764",3.23129440802842,0.166283179707951,"Социология власти",2016,"номер 2 том 28"
"765",1.97335119905362,0.141648208950775,"Социология власти",2016,"номер 3 том 28"
"766",2.6020666713304,0.151643176128823,"Социология власти",2016,"номер 4 том 28"
"767",3.50818221789843,0.139948281669202,"Социология власти",2017,"номер 1 том 29"
"768",3.11768131820133,0.13078158334505,"Социология власти",2017,"номер 2 том 29"
"769",2.3025916854055,0.12611349697165,"Социология власти",2017,"номер 3 том 29"
"770",1.47004285244843,0.131214542753618,"Социология власти",2017,"номер 4 том 29"
"771",2.2803075458277,0.14170229416916,"Социология власти",2018,"номер 1 том 30"
"772",2.19079223719314,0.138567482171624,"Социология власти",2018,"номер 2 том 30"
"773",1.18689424298081,0.145196288965868,"Социология власти",2018,"номер 3 том 30"
"774",1.77102376851334,0.174803837412933,"Социология власти",2018,"номер 4 том 30"
"775",0.373488968802827,0.148449109197874,"Социология власти",2019,"номер 1 том 31"
"776",2.83524061446943,0.138302947352068,"Социология власти",2019,"номер 2 том 31"
"777",2.75709727693347,0.133633728403576,"Социология власти",2019,"номер 3 том 31"
"778",2.04505434835406,0.141031342665836,"Социология власти",2019,"номер 4 том 31"
"779",1.46505378626017,0.140446416636729,"Социология власти",2020,"номер 1 том 32"
"780",1.89191101244839,0.130474013581767,"Социология власти",2020,"номер 2 том 32"
"781",2.83902583325712,0.107389986299209,"Социология власти",2020,"номер 3 том 32"
"782",2.47690127678221,0.15183417013236,"Социология власти",2020,"номер 4 том 32"
"783",2.83798410741419,0.126897854860759,"Социология власти",2021,"номер 1 том 33"
"784",2.23394072106636,0.145624500529655,"Социология власти",2021,"номер 2 том 33"
"785",1.66663861664415,0.117082323226554,"Социология власти",2021,"номер 3 том 33"
"786",2.08541870848048,0.130541577803158,"Социология власти",2021,"номер 4 том 33"
"787",2.68725152945879,0.145693339658208,"Социология власти",2022,"номер 1 том 34"
"788",2.94209904956291,0.134612528364112,"Социология власти",2022,"номер 2 том 34"
"789",1.68782304676144,0.114195200146499,"Социология власти",2022,"номер 3-4 том 34"
"790",0.978718553951632,0.155848598393192,"Социология власти",2023,"Номер 3 том 35"
"791",1.9087467721693,0.123566333082796,"Социология власти",2023,"номер 1 том 35"
"792",2.22913538277657,0.152380993909139,"Социология власти",2023,"номер 2 том 35"
"793",-0.89500940181678,0.206099010383383,"Социология. 4М",2010,"№ 30 (2010)"
"794",-0.743307840891214,0.227252836854585,"Социология. 4М",2010,"№ 31 (2010)"
"795",-0.773049433499887,0.233727206690134,"Социология. 4М",2011,"№ 32 (2011)"
"796",-0.0762998648240439,0.238882255113024,"Социология. 4М",2011,"№ 33 (2011)"
"797",-0.856094459664,0.221693568038808,"Социология. 4М",2012,"№ 34 (2012)"
"798",-0.881787976053433,0.223195210737138,"Социология. 4М",2012,"№ 35 (2012)"
"799",-0.655820987540036,0.23407692822798,"Социология. 4М",2013,"№ 36 (2013)"
"800",-0.752327647938445,0.211125638366846,"Социология. 4М",2013,"№ 37 (2013)"
"801",-1.25244441545852,0.18272960371937,"Социология. 4М",2014,"№ 38 (2014)"
"802",-0.362037735107759,0.260825688818968,"Социология. 4М",2014,"№ 39 (2014)"
"803",-0.214479102317535,0.216518617219474,"Социология. 4М",2015,"№ 40 (2015)"
"804",-0.952760603779998,0.215768324063359,"Социология. 4М",2015,"№ 41 (2015)"
"805",0.122530574154467,0.245526876949132,"Социология. 4М",2016,"№ 42 (2016)"
"806",-0.51701345462621,0.23836808634173,"Социология. 4М",2016,"№ 43 (2016)"
"807",-0.0892013729424613,0.27433468365878,"Социология. 4М",2017,"№ 44 (2017)"
"808",-1.26551112586486,0.211401421853291,"Социология. 4М",2017,"№ 45 (2017)"
"809",-0.0976118946064809,0.237984405103417,"Социология. 4М",2018,"№ 46 (2018)"
"810",1.07697848035782,0.282543115116684,"Социология. 4М",2018,"№ 47 (2018)"
"811",-1.30976386368533,0.174959312255997,"Социология. 4М",2019,"№ 48 (2019)"
"812",0.583562985908423,0.200950982664716,"Социология. 4М",2019,"№ 49 (2019)"
"813",-1.14992716921387,0.174304643996181,"Социология. 4М",2020,"№ 50-51 (2020)"
"814",-0.433991611995883,0.166769793607201,"Социология. 4М",2021,"№ 52 (2021)"
"815",-0.749234629664315,0.16484482924356,"Социология. 4М",2021,"№ 53 (2021)"
"816",-0.0430128783014769,0.19492758026508,"Социология. 4М",2022,"№ 54-55 (2022)"
"817",1.79003977227737,0.27715636786226,"Экономическая социология",2010,"Т. 11 № 1."
"818",1.55912204648249,0.24817469313328,"Экономическая социология",2010,"Т. 11 № 2."
"819",1.88129724680519,0.244405554602717,"Экономическая социология",2010,"Т. 11 № 3."
"820",-0.552482368966257,0.231083750670605,"Экономическая социология",2010,"Т. 11 № 4."
"821",-0.561920123012852,0.252821405037317,"Экономическая социология",2010,"Т. 11 № 5."
"822",0.502857659670193,0.247827277722852,"Экономическая социология",2011,"Т. 12 № 1."
"823",-0.325466783025645,0.269225323170632,"Экономическая социология",2011,"Т. 12 № 2."
"824",1.73163448003794,0.20152915042956,"Экономическая социология",2011,"Т. 12 № 3."
"825",1.69347888882724,0.280503840424808,"Экономическая социология",2011,"Т. 12 № 4."
"826",0.290487675863274,0.238951154141352,"Экономическая социология",2011,"Т. 12 № 5."
"827",0.470473333733531,0.316793427992582,"Экономическая социология",2012,"Т. 13 № 1."
"828",1.50564895230643,0.199457772299883,"Экономическая социология",2012,"Т. 13 № 2."
"829",-0.951759689400025,0.193884747557454,"Экономическая социология",2012,"Т. 13 № 3."
"830",0.421892676818344,0.170905722735182,"Экономическая социология",2012,"Т. 13 № 4."
"831",0.721412633235976,0.181304934131584,"Экономическая социология",2012,"Т. 13 № 5."
"832",1.51444690697321,0.169580081430499,"Экономическая социология",2013,"Т. 14 № 1."
"833",0.277479863277462,0.215080555255138,"Экономическая социология",2013,"Т. 14 № 2."
"834",0.488805936761494,0.15673960179788,"Экономическая социология",2013,"Т. 14 № 3."
"835",1.36843040690632,0.196857371042728,"Экономическая социология",2013,"Т. 14 № 4."
"836",0.69979359890027,0.175275168597308,"Экономическая социология",2013,"Т. 14 № 5."
"837",0.403197780948203,0.185641518523979,"Экономическая социология",2014,"Т. 15 № 1."
"838",0.526204546932366,0.163802036158847,"Экономическая социология",2014,"Т. 15 № 2."
"839",-0.00138185627942331,0.161443513283632,"Экономическая социология",2014,"Т. 15 № 3."
"840",0.827648365209944,0.184195755630709,"Экономическая социология",2014,"Т. 15 № 4."
"841",1.74205810013471,0.184000331351894,"Экономическая социология",2014,"Т. 15 № 5."
"842",2.60164351540614,0.316721914550206,"Экономическая социология",2015,"Т. 16 № 1."
"843",-0.337687579287531,0.23272624931463,"Экономическая социология",2015,"Т. 16 № 2."
"844",1.31996269429157,0.160435534195652,"Экономическая социология",2015,"Т. 16 № 3."
"845",0.883751675739358,0.196618686628293,"Экономическая социология",2015,"Т. 16 № 4."
"846",0.623632591124968,0.172949697499626,"Экономическая социология",2015,"Т. 16 № 5."
"847",-0.159725913023765,0.163995439862611,"Экономическая социология",2016,"Т. 17 № 1."
"848",0.842146072607251,0.198253666455776,"Экономическая социология",2016,"Т. 17 № 2."
"849",0.409689433849932,0.178665515458125,"Экономическая социология",2016,"Т. 17 № 3."
"850",0.712526124200339,0.158092893651348,"Экономическая социология",2016,"Т. 17 № 4."
"851",0.0874105737812737,0.235215278072185,"Экономическая социология",2016,"Т. 17 № 5."
"852",1.08573977541165,0.205563205691927,"Экономическая социология",2017,"Т. 18 № 1."
"853",0.809417913884937,0.180238346674014,"Экономическая социология",2017,"Т. 18 № 2."
"854",0.635520698318968,0.177331641221899,"Экономическая социология",2017,"Т. 18 № 3."
"855",-0.732326667363402,0.147795744100681,"Экономическая социология",2017,"Т. 18 № 4."
"856",-0.731056184673169,0.168881121430321,"Экономическая социология",2017,"Т. 18 № 5."
"857",0.653201987628401,0.150990778732967,"Экономическая социология",2018,"Т. 19 № 1."
"858",0.939803609330565,0.165362053535804,"Экономическая социология",2018,"Т. 19 № 2."
"859",0.539907677301185,0.16377680417419,"Экономическая социология",2018,"Т. 19 № 3."
"860",1.19555327938646,0.161720997827111,"Экономическая социология",2018,"Т. 19 № 4."
"861",0.950734996921745,0.149687549412863,"Экономическая социология",2018,"Т. 19 № 5."
"862",1.37584852083901,0.162545324507573,"Экономическая социология",2019,"Т. 20 № 1."
"863",-0.629497986316706,0.126072073167675,"Экономическая социология",2019,"Т. 20 № 2."
"864",0.330010230489388,0.135457253671521,"Экономическая социология",2019,"Т. 20 № 3."
"865",0.626208269100562,0.193046194302275,"Экономическая социология",2019,"Т. 20 № 4."
"866",0.575483692087186,0.15705481905752,"Экономическая социология",2019,"Т. 20 № 5."
"867",-1.26061899793608,0.138852621956816,"Экономическая социология",2020,"Т. 21 № 1."
"868",0.395049040696829,0.232026808810701,"Экономическая социология",2020,"Т. 21 № 2."
"869",1.4428714677026,0.238465811018902,"Экономическая социология",2020,"Т. 21 № 3."
"870",-0.453394606790874,0.205031996141388,"Экономическая социология",2020,"Т. 21 № 4."
"871",-0.352394658227392,0.221409510874377,"Экономическая социология",2020,"Т. 21 № 5."
"872",-0.805093636224347,0.15895582815531,"Экономическая социология",2021,"Т. 22 № 1."
"873",-0.689763596917103,0.160379501134812,"Экономическая социология",2021,"Т. 22 № 2."
"874",-0.852011463182748,0.156079148581789,"Экономическая социология",2021,"Т. 22 № 3."
"875",1.859807335802,0.157287616969521,"Экономическая социология",2021,"Т. 22 № 4."
"876",1.44903762891419,0.178320286143679,"Экономическая социология",2021,"Т. 22 № 5."
"877",-0.885203040057464,0.155676181157162,"Экономическая социология",2022,"Т. 23 № 1."
"878",0.388438664637029,0.228059483785969,"Экономическая социология",2022,"Т. 23 № 2."
"879",-0.219274315324996,0.155522485370198,"Экономическая социология",2022,"Т. 23 № 3."
"880",0.79697501436007,0.204693257898495,"Экономическая социология",2022,"Т. 23 № 4."
"881",0.0897891270630324,0.169211209481828,"Экономическая социология",2022,"Т. 23 № 5."
"882",0.0277797285419074,0.152470620158149,"Экономическая социология",2023,"Т. 24 № 1."
"883",0.158730996475454,0.187281927500368,"Экономическая социология",2023,"Т. 24 № 2."
"884",0.653315686363651,0.181365000317299,"Экономическая социология",2023,"Т. 24 № 3."
"885",1.06554968173546,0.152077438613554,"Экономическая социология",2023,"Т. 24 № 4."
"886",0.306131950556359,0.140370687110497,"Экономическая социология",2023,"Т. 24 № 5."
